seq_1	seq_2	seq_3	seq_4	seq_5	seq_6	seq_7	seq_8	seq_9	seq_10	seq_11	seq_12	seq_13	seq_14	seq_15	seq_16	seq_17	seq_18	seq_19	seq_20	seq_21	seq_22	seq_23	seq_24	seq_25	seq_26	seq_27	seq_28	seq_29	seq_30	seq_31	seq_32	seq_33	seq_34	seq_35	seq_36	seq_37	seq_38	seq_39	seq_40	seq_41	seq_42	seq_43	seq_44	seq_45	seq_46	seq_47	seq_48	seq_49	seq_50	seq_51	seq_52	seq_53	seq_54	seq_55	seq_56	seq_57	seq_58	seq_59	seq_60	seq_61	seq_62	seq_63	seq_64	seq_65	seq_66	seq_67	seq_68	seq_69	seq_70	seq_71	seq_72	seq_73	seq_74	seq_75	seq_76	seq_77	seq_78	seq_79	seq_80	seq_81	seq_82	seq_83	seq_84	seq_85	seq_86	seq_87	seq_88	seq_89	seq_90	seq_91	seq_92	seq_93	seq_94	seq_95	seq_96	seq_97	seq_98	seq_99	seq_100	seq_101	seq_102	seq_103	seq_104	seq_105	seq_106	seq_107	seq_108	seq_109	seq_110	seq_111	seq_112	seq_113	seq_114	seq_115	seq_116	seq_117	seq_118	seq_119	seq_120	seq_121	seq_122	seq_123	seq_124	seq_125	seq_126	seq_127	seq_128	seq_129	seq_130	seq_131	seq_132	seq_133	seq_134	seq_135	seq_136	seq_137	seq_138	seq_139	seq_140	seq_141	seq_142	seq_143	seq_144	seq_145	seq_146	seq_147	seq_148	seq_149	seq_150	seq_151	seq_152	seq_153	seq_154	seq_155	seq_156	seq_157	seq_158	seq_159	seq_160	seq_161	seq_162	seq_163	seq_164	seq_165	seq_166
Condensate	6562	53657	6139	1744	1218	2697	764	269	27	961	147	430	155	212	196	472	488	307	398	430	305	75	31	36	118	104	162	128	32	220	69	60	122	71	0	66	52	0	29	126	108	35	0	23	64	141	0	53	38	31	850	0	0	116	0	0	0	0	9	0	0	0	0	0	0	5983	0	0	0	19	0	0	26	0	0	27	0	0	0	0	0	0	0	0	17	452	0	0	0	10	0	0	27	0	0	0	20	0	0	0	0	0	0	0	0	0	7	0	0	13	10	0	0	0	0	170	0	0	0	0	0	0	0	0	0	0	0	0	0	0	0	0	0	0	0	13	58	0	0	0	0	0	0	0	0	0	0	0	0	0	0	0	0	0	0	0	0	0	0	0	0	0	0	0	0	0
Day0.Hr4.V3	485	165	752	1013	907	405	234	101	0	133	258	275	110	47	50	50	51	112	125	38	110	69	148	0	52	0	13	61	57	22	13	0	0	20	0	0	0	59	0	11	11	56	19	7	0	7	34	14	8	32	0	0	0	9	0	0	13	0	34	0	0	0	0	0	0	0	34	0	0	0	0	0	0	0	0	0	0	0	0	0	0	0	0	0	0	0	0	0	4	0	0	0	0	0	0	0	0	8	0	0	0	0	0	0	22	0	0	0	0	0	0	0	0	0	0	0	0	0	0	0	0	0	0	0	0	0	0	0	0	0	0	0	0	0	0	0	0	0	0	0	0	0	0	0	0	0	0	0	0	0	0	0	0	0	0	0	0	0	0	0	0	0	0	0	0	0
Day0.Hr4.V4	1199	15015	674	513	220	22697	104	85	44085	1456	129	70	28	534	40	32	1069	0	295	34	27	25	372	38	15	12345	54	51	57	36	10086	176	30	46	0	0	22	0	11	24	30	30	0	13	0	14	0	0	0	21	0	16	0	0	0	0	0	37	0	62	0	0	0	0	0	0	0	0	0	0	24	0	0	0	0	0	0	0	0	0	0	0	0	0	0	0	11	0	0	0	0	0	0	229	0	0	0	0	0	0	0	0	0	98	0	0	0	0	0	0	0	0	0	0	0	0	0	0	0	0	0	41	0	0	0	0	0	0	0	0	0	0	0	0	30	31	0	0	0	0	0	0	0	0	0	0	0	0	0	0	0	0	0	11	0	0	0	0	0	0	0	0	0	0	0	0
Day0.Hr4.V5	265	3155	236	101	56	3710	196	1251	4382	14	189	15	60	840	1729	17	313	86	584	987	77	493	286	410	11	609	8	5	0	24	46	14	46	70	44	0	244	0	8	0	0	0	0	152	0	0	148	0	7	0	0	446	0	0	87	0	0	0	0	0	57	0	46	0	6	0	0	0	0	43	0	0	0	0	0	0	0	0	0	0	0	0	0	0	9	0	90	0	0	0	0	0	0	0	0	0	0	0	0	0	0	0	0	0	0	0	0	0	0	0	0	0	0	0	0	0	0	0	0	0	0	0	0	0	0	0	0	0	0	0	0	0	0	0	0	0	0	0	0	0	0	0	0	0	0	0	0	0	0	0	0	0	0	0	0	0	0	0	0	0	0	0	0	0	0	0
Day0.Hr4.V6	3528	2801	1747	2257	4752	1676	384	831	0	615	89	89	173	23	307	169	202	144	191	324	137	204	222	0	134	17	197	50	99	90	56	12	44	19	0	70	16	0	6	64	101	42	64	25	23	8	0	22	35	17	0	0	0	0	0	0	0	0	0	40	24	0	0	0	9	0	0	0	0	0	0	0	0	0	9	14	0	0	0	0	43	0	0	0	5	0	0	0	26	0	21	0	0	0	0	0	0	0	0	0	0	0	0	0	0	0	0	0	0	0	0	0	0	0	0	0	0	0	0	0	0	0	0	0	0	0	0	0	0	0	0	0	0	0	0	0	0	0	0	0	0	0	0	0	0	0	0	0	0	0	0	0	0	0	0	0	0	0	0	0	0	0	0	0	0	0
Day0.Hr4.V7	416	14825	65	495	24	22049	26	36	46766	1456	16	0	0	505	0	0	756	0	204	0	0	0	318	12	0	12552	7	41	0	11	11039	107	16	28	0	0	14	0	0	14	0	11	0	6	0	0	0	0	0	20	0	8	0	36	0	0	0	0	0	0	0	0	8	6	0	0	0	0	0	0	10	0	0	0	0	0	0	0	0	0	0	0	0	0	0	0	9	0	0	0	0	0	0	183	0	0	0	0	0	0	0	0	0	75	0	0	0	0	0	0	0	9	0	0	0	0	0	0	0	0	0	61	0	0	0	0	0	0	0	0	0	0	0	0	25	16	0	0	0	0	0	0	0	0	0	0	0	0	0	0	0	0	0	0	0	0	0	0	0	0	0	0	0	0	0	0
Day0.Hr4.V8	3095	1647	1031	1412	2317	1742	822	926	0	461	86	53	234	31	283	108	219	385	158	506	305	412	134	38	68	43	213	72	84	59	32	24	42	24	0	55	30	0	31	40	83	128	49	25	41	10	0	27	19	17	181	0	0	0	0	0	0	0	0	31	25	0	0	0	0	0	0	0	0	12	0	0	60	0	16	0	0	0	0	0	0	0	0	0	0	0	0	0	31	0	20	0	0	0	0	0	0	25	0	0	4	0	0	0	0	0	0	0	8	0	0	0	0	5	0	0	0	0	0	0	0	0	0	0	0	0	0	0	0	0	0	0	0	0	0	0	0	0	0	0	0	0	0	0	0	0	0	0	0	0	0	0	0	0	0	0	0	0	0	0	0	0	0	0	0	0
Day1.Hr4.V3	386	21368	195	17	5	9315	2092	8458	14656	0	611	0	52	528	5349	0	2274	842	1409	2393	794	372	832	1139	0	3185	0	0	0	27	204	239	62	150	130	0	975	25	0	0	0	4	0	475	0	0	370	0	8	2	0	1797	0	0	240	0	0	0	0	0	174	0	85	0	29	0	0	0	0	60	11	0	0	0	0	0	0	0	0	0	0	0	32	0	20	12	206	0	0	0	0	0	0	8	0	31	0	0	0	0	0	249	63	12	0	0	0	0	0	0	0	0	0	0	0	0	0	0	0	0	0	0	0	0	0	0	0	0	0	0	0	0	0	0	0	0	0	0	0	0	0	0	0	0	0	0	0	0	0	0	0	0	0	0	0	0	0	0	0	0	0	0	0	0	0	0
Day1.Hr4.V4	217	19828	127	25	0	10571	671	5701	20443	0	330	0	186	426	6072	0	2060	277	1990	2135	253	12	985	1082	0	3336	0	0	0	7	159	148	86	240	70	0	1064	44	0	5	0	5	0	559	0	0	356	0	0	0	0	1243	0	0	270	0	0	0	0	0	118	0	156	0	30	0	0	0	0	61	0	0	0	0	0	0	0	0	0	0	0	0	0	0	26	0	166	0	0	0	0	0	0	10	0	0	0	0	0	0	0	175	69	14	0	0	0	0	0	0	0	0	0	0	0	0	0	0	0	0	0	0	0	0	0	0	0	0	0	0	0	0	0	0	0	0	0	0	0	0	0	0	0	0	0	0	0	0	0	0	0	0	0	0	0	0	0	0	0	0	0	0	0	0	0	0
Day1.Hr4.V5	2485	73	244	4155	959	157	172	30	0	382	690	586	193	299	60	221	92	83	109	132	70	55	301	0	180	11	20	25	54	118	73	32	0	71	158	0	0	61	86	38	74	8	28	37	84	26	0	21	21	124	0	0	49	0	0	0	46	0	0	15	0	0	0	0	0	0	0	0	0	0	0	0	0	0	0	0	0	7	0	0	0	0	0	0	0	0	0	0	4	0	0	0	0	0	0	0	0	0	0	0	9	0	0	0	0	0	0	0	0	0	0	0	0	0	0	0	0	0	0	0	0	0	0	0	0	0	0	0	0	0	0	0	0	0	0	0	0	0	0	0	0	0	0	0	0	0	0	0	0	0	0	0	0	0	0	0	0	0	0	0	0	0	0	0	0	0
Day1.Hr4.V6	1647	3177	860	846	327	6883	139	114	12430	742	308	221	123	343	62	77	232	79	141	94	54	50	221	51	55	2633	123	14	46	62	2745	57	54	28	59	0	0	0	28	40	0	17	13	26	26	13	0	20	14	24	0	0	0	0	0	0	10	0	0	18	6	0	19	22	0	0	0	11	8	6	0	0	13	0	0	0	0	4	0	0	0	0	0	0	0	0	7	0	0	0	0	0	0	32	0	0	0	0	0	0	5	0	0	0	0	0	0	0	0	0	0	0	0	0	0	0	0	0	15	0	0	47	0	0	0	0	0	0	0	0	0	0	0	0	8	0	0	0	0	0	0	0	0	0	0	0	0	0	0	0	0	0	0	0	0	0	0	0	0	0	0	0	0	0	0	0
Day1.Hr4.V7	905	19290	275	54	107	8411	2644	7977	13442	17	553	73	89	729	6048	0	2117	989	1385	1803	940	0	788	1197	11	3114	0	11	85	81	116	197	51	90	86	95	983	43	12	0	0	0	0	450	0	0	455	0	14	16	0	1757	0	0	164	0	0	0	0	0	225	0	110	0	46	0	0	0	0	71	10	0	0	0	0	0	0	0	0	0	0	0	45	0	16	0	359	0	0	0	0	0	0	16	0	0	0	0	0	0	0	253	85	14	0	0	0	0	0	0	0	0	0	0	0	0	0	0	0	0	0	0	0	0	0	0	0	0	0	0	0	0	0	0	0	0	0	0	0	0	0	0	0	0	0	0	0	0	0	0	0	0	0	0	0	0	0	0	0	0	0	0	0	0	0	0
Day1.Hr4.V8	660	25374	303	17	0	13688	2631	11009	18984	0	580	0	159	628	9288	0	2897	1017	2653	3419	954	621	952	1831	31	4805	0	0	22	79	236	195	115	273	107	64	1167	47	0	0	0	8	0	606	0	0	608	0	10	8	0	2272	0	0	393	0	0	0	0	0	120	0	147	0	77	0	0	0	0	147	13	0	0	0	0	0	0	0	0	0	0	0	119	0	23	12	306	0	0	0	0	0	0	10	0	27	0	0	0	0	0	334	91	21	0	0	0	0	0	0	0	0	0	0	0	0	0	0	0	0	0	0	0	0	0	0	0	0	0	0	0	0	0	0	0	0	0	0	0	0	0	0	0	0	0	0	0	0	0	0	0	0	0	0	0	0	0	0	0	0	0	0	0	0	0	0
Day10.Hr4.V3	3542	1816	12710	4763	7063	1610	936	203	0	726	155	1117	919	314	158	524	296	451	349	347	348	154	26	58	162	72	447	94	76	149	103	48	64	82	0	0	0	0	230	69	160	31	168	49	49	70	0	62	78	47	205	0	62	0	0	0	179	0	0	61	0	0	0	89	25	0	0	0	0	27	17	0	35	0	0	0	0	0	0	0	0	0	0	0	0	0	0	0	0	0	5	0	0	6	9	24	0	13	0	0	7	0	0	0	0	0	0	0	7	9	0	0	0	0	10	0	0	0	0	0	5	20	0	0	0	0	0	0	0	0	0	0	0	0	0	0	0	0	0	0	0	0	0	0	0	0	0	0	0	0	0	0	0	0	0	0	0	0	0	0	0	0	0	0	0	0
Day10.Hr4.V4	19497	24310	3634	10405	3074	6873	3929	2500	36	565	46	414	193	335	524	811	1198	1569	1009	568	1496	619	992	188	799	215	231	2753	461	217	30	138	72	188	0	260	100	55	0	173	36	225	347	39	92	27	77	99	19	48	0	0	0	130	0	0	0	0	0	92	7	0	0	0	30	0	0	7	0	14	26	0	36	0	42	0	0	20	0	0	30	70	29	28	15	64	13	0	0	38	40	0	31	9	0	0	82	29	0	38	2	0	0	0	0	21	0	0	0	5	23	0	0	36	0	0	0	0	0	0	0	0	0	0	96	0	0	0	0	0	0	41	0	0	0	0	0	0	0	0	0	0	0	0	23	0	0	0	0	0	0	0	0	0	0	0	0	0	0	0	0	0	0	0	0	0
Day10.Hr4.V5	12820	12411	13720	9240	952	7627	3640	482	84	1657	59	874	2290	550	215	295	822	1390	1141	1269	1348	355	31	57	304	529	761	63	36	436	92	283	322	119	0	138	117	49	5	218	93	48	0	38	73	121	0	140	40	60	0	0	336	85	0	0	3	121	0	65	0	0	0	0	0	0	0	24	0	56	43	92	0	0	9	0	0	0	0	77	12	0	55	24	0	30	0	19	0	42	0	0	44	0	13	0	32	27	0	0	1	0	0	0	0	0	0	0	19	12	5	5	0	0	11	0	0	0	0	0	0	0	0	0	0	0	0	0	0	0	0	0	0	0	0	0	0	0	0	0	0	0	0	0	0	0	0	0	0	0	0	0	0	0	0	0	0	0	0	0	0	0	0	0	0	0
Day10.Hr4.V6	14113	13382	9263	22371	38	6206	1621	229	112	3205	3605	1065	2023	162	442	1225	480	596	935	1025	581	306	14	55	235	277	256	97	0	302	310	220	470	234	633	100	48	40	85	275	169	47	0	18	129	349	0	128	30	30	0	0	235	112	0	0	0	189	0	85	39	0	0	84	12	0	0	8	20	45	45	125	0	0	27	19	0	0	0	0	0	0	0	27	10	25	0	24	0	11	0	0	26	0	0	0	0	0	0	0	2	0	0	7	0	0	11	0	0	12	0	15	0	0	0	0	0	0	0	0	0	0	0	0	0	0	0	0	0	0	0	0	0	0	0	0	0	0	0	0	0	0	0	0	0	0	0	0	0	0	0	0	0	0	0	0	0	0	0	0	0	0	0	0	0	0
Day10.Hr4.V7	21921	14572	16731	18406	2549	9482	3359	741	116	2087	81	1279	341	1145	452	2398	948	1487	1357	995	1300	242	449	131	506	280	456	267	215	769	133	340	370	249	0	363	121	155	64	222	113	143	0	64	109	223	87	151	176	53	0	0	202	100	74	0	0	184	14	83	10	0	0	47	14	0	0	49	20	59	68	94	0	192	0	0	0	0	0	86	0	0	0	37	0	33	0	28	8	28	9	0	33	0	0	0	45	30	14	0	11	0	0	0	0	0	0	0	18	13	8	15	0	0	0	0	0	0	0	0	2	0	0	0	0	0	0	0	0	0	0	0	0	0	0	0	0	0	0	0	0	0	0	0	0	0	0	0	0	0	0	0	0	0	0	0	0	0	0	0	0	0	0	0	0	0
Day10.Hr4.V8	22549	21510	17334	10594	4880	13571	4207	2235	18	1941	207	1082	89	1714	996	2148	1091	1750	1241	2116	1561	1119	324	174	732	36	743	708	54	1041	110	266	422	362	38	389	164	112	23	413	98	22	0	67	203	221	0	172	48	7	0	0	0	110	59	0	0	197	0	107	27	109	0	0	115	0	0	0	0	83	32	0	0	88	13	0	0	132	0	0	0	0	0	34	11	50	0	21	0	22	11	0	25	0	15	0	35	0	0	0	7	0	0	0	0	0	27	0	0	18	28	13	0	0	0	27	0	9	0	0	18	0	0	0	0	0	0	0	0	0	0	0	0	0	0	0	0	0	0	0	0	0	0	0	0	0	0	0	0	0	0	0	0	0	0	0	0	0	0	0	0	0	0	0	0	0
Day11.Hr4.V3	1809	193	532	4412	1312	250	323	18	10	771	807	1101	183	307	97	612	209	160	352	47	127	34	1214	48	16	0	52	17	0	77	85	32	48	97	155	36	0	58	152	35	84	0	26	129	49	111	0	30	75	33	0	0	79	0	0	0	94	0	0	22	0	0	0	0	13	0	0	0	27	0	0	0	0	0	0	12	0	0	0	0	0	0	0	0	0	0	0	0	0	0	0	0	0	0	0	16	0	0	0	0	18	0	0	2	0	0	5	0	0	0	0	0	0	0	0	0	0	0	0	0	0	0	0	0	0	0	0	0	0	0	0	0	0	0	0	0	0	0	0	0	0	0	0	0	0	0	0	0	0	0	0	0	0	0	0	0	0	0	0	0	0	0	0	0	0	0
Day11.Hr4.V4	0	0	0	0	0	0	0	0	0	0	0	0	0	0	0	0	0	0	0	0	0	0	0	0	0	0	0	0	0	0	0	0	0	0	0	0	0	0	0	0	0	0	0	0	0	0	0	0	0	0	0	0	0	0	0	0	0	0	0	0	0	0	0	0	0	0	0	0	0	0	0	0	0	0	0	0	0	0	0	0	0	0	0	0	0	0	0	0	0	0	0	0	0	0	0	0	0	0	0	0	0	0	0	0	0	0	0	0	0	0	0	0	0	0	0	0	0	0	0	0	0	0	0	0	0	0	0	0	0	0	0	0	0	0	0	0	0	0	0	0	0	0	0	0	0	0	0	0	0	0	0	0	0	0	0	0	0	0	0	0	0	0	0	0	0	0
Day11.Hr4.V5	12615	19254	14819	16341	3478	5632	2860	398	54	2345	48	904	2223	107	215	344	1005	1195	1186	947	1025	272	18	63	315	485	777	71	43	356	116	104	275	93	0	135	101	33	25	244	150	48	0	32	95	118	0	174	111	90	0	0	144	70	0	0	0	176	0	54	8	0	0	0	23	0	0	15	17	34	30	0	0	0	12	34	0	0	0	73	0	0	52	15	0	0	4	14	0	36	10	0	37	7	0	0	40	0	0	0	0	0	0	0	0	0	7	0	14	0	0	9	0	0	0	29	0	0	15	0	0	0	0	0	0	0	0	0	0	0	0	0	0	0	0	0	0	0	0	0	0	0	0	0	0	0	0	0	0	0	0	0	0	0	0	0	0	0	0	0	0	0	0	0	0	0
Day11.Hr4.V6	12569	20680	5900	24362	58	2986	1248	190	41	2394	4851	835	2104	37	298	1027	840	562	783	350	453	141	0	46	158	205	187	69	0	283	213	106	215	233	869	107	120	25	105	184	148	50	0	11	108	211	0	133	68	43	0	0	129	73	0	0	0	280	0	60	21	0	0	86	18	0	0	0	36	36	42	56	0	0	13	16	0	0	0	0	0	0	36	19	7	22	0	28	0	15	0	0	22	0	0	0	0	0	0	0	5	0	0	0	0	0	0	0	0	10	0	7	0	0	0	0	0	0	0	0	10	0	0	0	0	0	0	0	0	0	0	0	0	0	0	0	0	0	0	0	0	0	0	0	0	0	0	0	0	0	0	0	0	0	0	0	0	0	0	0	0	0	0	0	0	0
Day11.Hr4.V7	5924	10027	5396	2653	1464	1977	1248	153	31	998	30	355	99	171	198	550	620	532	629	397	450	64	0	46	174	82	147	144	0	194	62	55	171	116	0	78	62	25	15	151	98	41	0	23	79	75	0	62	47	27	0	0	55	59	0	0	0	0	0	48	0	0	0	55	0	0	0	0	0	18	17	0	0	0	6	16	0	0	0	0	0	0	0	5	8	0	0	0	0	9	0	0	0	0	0	0	26	0	0	0	1	0	0	0	0	0	0	0	0	10	0	0	0	0	0	0	0	0	0	0	0	0	0	0	0	0	0	0	0	0	0	0	0	0	0	0	0	0	0	0	0	0	0	0	0	0	0	0	0	0	0	0	0	0	3	0	0	0	0	0	0	0	0	0	0	0
Day11.Hr4.V8	9926	15515	7363	6037	4391	3680	1305	1126	5	1030	130	432	49	398	408	1294	728	636	725	225	517	306	30	76	212	0	507	722	44	467	30	68	144	102	0	149	64	43	23	154	67	16	0	35	0	73	0	130	38	0	0	0	0	83	0	0	0	123	0	0	12	0	0	0	30	0	0	0	9	25	24	0	0	0	0	0	0	10	0	0	0	0	0	26	5	0	0	0	0	17	0	11	15	0	0	0	21	9	0	0	1	0	0	0	0	0	10	0	0	4	8	0	0	0	0	0	0	0	0	8	0	0	0	0	0	0	0	0	0	0	0	0	0	0	0	0	0	0	0	0	0	0	0	0	0	0	0	0	0	0	0	0	0	0	0	0	0	0	0	0	0	0	0	0	0	0
Day12.Hr4.V3	16227	12575	9078	7282	7508	5790	2608	1859	26	1391	106	488	293	778	583	1522	936	1002	759	402	930	540	737	110	175	119	21	1782	672	390	87	138	104	90	0	340	98	42	0	206	84	306	323	62	82	125	80	83	65	18	245	0	0	75	0	0	0	116	0	70	24	0	0	0	28	0	0	0	14	28	36	0	0	0	13	0	0	0	0	0	31	71	0	33	12	48	18	0	0	14	13	0	18	3	17	0	69	26	0	0	6	0	0	0	0	0	0	0	6	0	29	0	0	0	8	0	0	0	0	0	0	0	0	0	0	0	0	0	0	0	0	0	0	0	0	0	0	0	0	0	0	0	0	0	0	0	0	0	0	0	0	0	0	0	0	0	0	0	0	0	0	0	0	0	0	0
Day12.Hr4.V4	1382	370	2728	1722	2068	909	495	218	0	347	96	97	153	147	108	43	120	230	119	38	225	25	73	16	30	0	35	83	238	74	34	20	0	17	0	49	8	30	51	22	49	122	43	7	7	4	0	17	10	34	0	0	0	17	0	0	14	0	36	0	0	0	0	0	0	0	25	0	0	0	0	0	0	0	0	0	0	0	0	0	0	0	0	0	0	0	0	0	16	0	0	0	0	0	0	0	0	0	0	0	0	0	0	0	16	0	0	0	0	0	0	0	0	0	0	0	0	0	0	3	0	0	0	0	0	0	0	0	0	0	0	0	0	0	0	0	0	0	0	0	0	0	0	0	0	0	0	0	0	0	0	0	0	0	0	0	0	0	0	0	0	0	0	0	0	0
Day12.Hr4.V5	19671	32539	22660	11226	7588	5077	3838	612	41	1908	162	1481	2381	48	416	526	1564	1461	1606	840	1387	468	37	135	369	711	1308	133	57	550	113	94	303	144	0	202	159	78	22	311	187	46	0	53	137	193	0	198	147	122	0	0	238	149	65	0	12	119	0	153	13	0	0	71	37	0	0	0	44	59	62	0	21	0	7	49	0	0	0	135	0	0	97	40	11	54	11	21	0	45	7	0	37	11	14	0	53	0	0	0	5	0	0	0	0	0	0	0	0	11	0	14	0	0	14	0	0	0	19	0	0	0	0	0	0	0	0	0	0	57	0	0	0	0	0	0	0	0	0	0	0	0	0	0	0	0	0	0	0	0	0	0	0	0	0	0	0	0	0	0	0	0	0	0	0	0
Day12.Hr4.V6	21491	49090	6744	29395	232	5502	1528	281	47	3615	10707	1333	3267	33	574	1167	1296	537	1201	593	535	403	35	81	199	328	252	135	0	485	201	58	254	350	1990	226	211	46	147	253	247	51	30	29	155	233	0	155	131	58	0	0	351	126	0	0	0	339	0	108	48	0	0	121	24	0	0	0	146	43	70	73	0	0	20	25	0	0	0	65	0	0	58	20	9	0	0	31	0	26	0	0	24	0	0	0	0	0	0	0	11	0	0	0	0	0	7	0	0	12	0	34	0	0	7	34	0	0	23	0	12	0	0	0	0	0	0	0	0	0	0	0	0	0	0	0	0	0	0	0	0	0	0	0	0	0	0	0	0	0	0	0	0	0	0	0	0	0	0	0	0	0	0	0	0	0
Day12.Hr4.V7	16303	26484	14520	8563	6482	3612	2018	368	27	1733	95	1059	130	246	466	1019	1502	754	796	540	764	167	0	85	207	111	306	217	0	516	93	49	196	170	0	244	142	50	22	216	174	53	0	35	90	213	0	124	101	27	0	0	112	107	58	0	0	118	0	102	14	0	0	61	0	0	0	0	23	32	19	0	0	66	0	22	0	0	0	68	0	0	40	18	0	0	7	14	0	16	5	0	24	0	0	0	55	0	0	0	2	0	0	0	0	0	8	0	8	12	0	8	0	0	0	33	0	0	0	0	8	0	0	0	0	0	0	0	0	0	0	0	0	0	0	0	0	0	0	0	0	0	0	0	0	0	0	0	0	0	0	0	0	0	0	0	0	0	0	0	0	0	0	0	0	0
Day12.Hr4.V8	12538	20177	10203	4780	7343	3043	1603	1204	0	860	244	543	59	260	374	1104	808	639	729	217	613	176	33	117	321	6	777	928	89	628	32	24	101	90	44	224	64	43	22	158	62	19	0	39	47	81	0	146	62	11	0	0	0	68	0	0	0	99	0	58	12	0	0	0	25	0	0	0	0	24	26	0	10	78	6	23	0	0	0	0	0	0	0	30	7	31	0	0	0	23	14	0	0	0	0	0	23	0	0	0	4	0	0	0	0	0	13	0	0	0	0	7	0	0	0	0	0	0	0	0	10	0	0	0	0	0	0	0	0	0	0	0	0	0	0	0	0	0	0	0	0	0	0	0	0	0	0	0	0	0	0	0	0	0	0	0	0	0	0	0	0	0	0	3	0	0
Day13.Hr4.V3	8989	7261	6027	2792	5599	2603	1612	788	12	1527	85	309	117	565	390	611	590	619	661	130	623	212	346	91	66	69	11	1061	349	259	52	85	92	96	0	235	69	39	0	161	74	192	191	24	66	105	80	59	61	27	151	0	0	80	0	0	5	0	0	56	20	0	0	0	16	0	0	0	0	15	33	0	0	0	7	0	0	0	0	0	24	0	29	15	11	55	0	0	6	15	13	0	0	0	0	0	51	13	0	0	3	0	0	0	0	0	0	0	12	10	10	0	0	0	0	0	0	0	0	0	0	0	0	0	0	0	0	0	0	0	0	0	0	0	0	0	0	0	0	0	0	0	0	0	0	0	0	0	0	0	0	0	0	0	0	0	0	0	0	0	0	0	0	0	0	0
Day13.Hr4.V4	5520	111	1354	4540	4839	296	338	33	0	389	185	760	103	656	141	206	145	167	201	101	137	45	279	26	155	0	113	106	145	364	145	61	60	120	0	61	0	171	472	119	81	12	51	47	106	35	0	94	38	273	0	0	32	50	0	0	61	0	0	0	4	0	0	0	0	0	20	0	0	8	0	0	0	0	0	21	0	126	0	0	0	0	0	0	0	0	0	0	0	5	0	85	0	0	0	0	0	0	0	0	8	0	0	0	0	14	0	0	0	0	0	0	0	0	0	0	0	0	0	0	4	0	0	0	0	0	0	0	0	0	0	0	41	0	0	0	0	0	0	0	0	0	0	0	0	0	0	0	0	0	0	0	0	0	0	0	0	0	0	0	0	0	0	0	0	0
Day13.Hr4.V5	3785	2635	1193	6828	2180	990	287	84	27	1131	2440	334	804	199	192	227	273	106	280	196	117	83	45	64	98	83	243	24	26	136	140	23	73	148	454	50	84	0	156	55	140	47	35	23	66	71	0	25	36	42	0	0	0	0	0	0	53	122	8	38	0	0	0	57	25	0	0	0	32	8	0	0	0	0	0	0	0	6	0	0	0	0	0	0	0	0	0	0	0	0	0	0	0	5	0	0	0	0	0	0	10	0	0	0	0	0	0	0	0	0	0	0	0	0	6	0	0	0	0	0	5	0	0	0	0	0	0	0	0	0	0	0	0	0	0	0	0	0	0	0	0	0	0	0	0	0	0	0	0	0	0	0	0	0	0	0	0	0	0	0	0	0	0	0	0	0
Day13.Hr4.V6	17480	39521	5214	36708	821	4275	1599	530	78	3997	10838	1293	5840	110	493	877	1585	590	1065	629	521	546	17	136	182	235	412	98	0	464	160	38	188	384	2038	142	374	0	267	205	265	89	106	58	186	238	0	139	155	81	0	5	217	107	0	0	22	519	0	91	37	0	0	117	58	0	0	0	210	37	55	0	0	0	24	32	0	0	0	0	0	0	61	22	0	0	0	29	0	39	0	0	36	9	18	38	0	0	0	0	4	0	0	14	0	0	0	0	0	13	0	0	0	0	14	26	0	0	36	5	27	0	0	0	0	0	0	0	0	0	0	0	0	0	0	0	0	0	0	0	0	0	0	0	0	0	0	0	0	0	0	0	0	0	0	0	0	0	0	0	0	0	0	0	0	0
Day13.Hr4.V7	2047	136	1044	3347	2334	203	128	28	0	246	160	514	106	403	34	226	94	70	141	149	48	48	344	49	48	0	90	68	106	137	77	15	34	39	0	0	0	107	179	53	54	0	51	47	39	112	0	34	36	133	0	0	57	0	0	0	48	0	9	28	0	0	0	0	0	0	32	0	0	0	0	0	0	0	0	16	0	31	0	0	0	0	0	0	6	0	0	0	0	0	0	0	0	0	0	0	0	0	0	0	14	0	0	0	0	0	0	0	0	0	0	0	0	0	0	0	0	0	0	0	0	0	0	0	0	0	0	0	0	0	0	0	10	0	0	0	0	0	0	0	0	0	0	0	0	0	0	0	0	0	0	0	0	0	0	0	0	0	0	0	0	0	0	0	0	0
Day13.Hr4.V8	12303	27024	10564	4479	10034	4215	1554	1763	0	826	289	438	146	328	620	1174	867	706	686	1042	628	593	116	87	724	26	977	890	174	510	32	8	114	147	0	237	96	32	34	200	93	29	0	100	81	119	0	126	101	39	0	0	0	115	0	0	0	99	0	84	30	0	0	0	30	0	0	0	9	15	22	0	25	75	0	0	0	0	0	0	0	0	0	29	0	0	0	0	0	26	20	0	0	0	0	0	32	34	0	0	4	0	0	10	0	0	15	0	0	5	0	15	0	0	11	0	0	0	0	0	6	0	0	0	0	0	0	0	0	0	0	0	0	0	0	0	0	0	0	0	0	0	0	0	0	0	0	0	0	0	0	0	0	0	0	0	0	0	0	0	0	0	0	0	0	0
Day14.Hr4.V3	10043	244	607	10857	6019	574	844	62	21	1107	2953	3227	483	868	244	948	455	399	574	339	315	128	2000	92	746	95	50	97	125	357	294	318	0	328	625	121	0	272	163	114	229	34	148	160	220	77	0	91	134	187	0	0	286	56	0	0	144	104	0	51	0	0	0	87	19	0	0	0	17	0	0	0	0	0	0	8	0	0	0	0	0	0	0	0	7	0	9	42	0	15	0	38	8	0	19	32	0	0	0	0	9	0	0	8	0	0	9	0	0	0	0	0	0	0	4	0	0	0	0	0	5	0	0	0	0	0	0	0	0	0	0	0	0	0	0	0	0	0	0	0	0	0	0	0	0	0	0	0	0	0	0	0	0	0	0	0	0	0	0	0	0	0	0	0	0	0
Day14.Hr4.V4	21822	17174	6745	7745	10485	5388	5224	2847	17	800	180	454	393	374	788	250	1012	2231	763	866	2004	818	723	159	389	182	89	587	431	479	115	268	134	332	34	393	81	49	0	281	122	433	272	59	0	30	151	94	16	167	248	0	0	132	73	0	19	0	266	82	54	0	0	0	31	0	0	8	14	29	25	0	80	0	36	0	0	0	0	0	65	106	0	0	18	0	25	0	0	20	46	0	35	11	21	0	39	0	0	30	31	0	0	0	0	18	0	59	15	13	11	0	0	19	0	0	0	0	0	0	0	0	0	0	13	0	0	0	0	0	0	19	0	0	0	0	0	0	0	0	0	0	0	0	0	0	0	0	0	0	0	0	0	0	0	0	0	0	0	0	0	0	0	0	0	0
Day14.Hr4.V5	11486	14608	11829	5642	5869	4341	2269	461	16	1110	206	757	1331	8	460	432	907	852	608	689	784	617	24	83	268	643	1189	117	28	308	37	24	120	134	0	92	66	35	15	137	144	54	128	76	27	94	0	115	107	56	0	0	112	121	0	0	24	0	0	101	17	0	0	0	15	0	0	0	21	49	14	0	16	0	0	28	0	0	0	66	0	0	91	0	18	0	6	13	0	0	0	0	0	11	17	0	21	0	0	0	19	0	0	0	0	0	0	0	12	0	0	0	0	0	0	0	0	0	0	0	0	0	0	0	0	0	0	0	0	0	0	0	0	0	0	0	0	0	0	0	0	0	0	0	0	0	0	0	0	0	0	0	0	0	0	0	0	0	0	0	0	0	0	0	0	0
Day14.Hr4.V6	3035	824	4262	4836	4259	732	293	70	22	518	149	881	289	465	130	614	206	129	355	499	125	135	532	111	130	0	224	95	94	170	94	24	102	94	0	0	0	178	476	142	102	11	122	165	80	177	0	123	89	116	0	0	67	56	54	0	136	0	0	0	13	0	0	0	0	0	45	0	31	0	0	0	0	0	0	25	0	63	0	0	0	0	0	0	7	0	0	20	0	0	0	50	0	0	0	0	0	0	0	0	30	0	0	0	27	0	0	0	7	0	0	13	0	0	0	0	0	0	0	0	0	0	0	0	0	0	0	14	0	0	0	0	0	0	0	0	0	0	0	0	0	0	0	0	0	0	0	0	0	0	0	0	0	0	0	0	0	0	0	0	0	0	0	0	0	0
Day14.Hr4.V7	2856	239	1262	0	0	593	40	856	276	70	19	0	1325	1029	591	31	137	0	276	18	0	2747	42	865	453	87	77	0	37	73	8	229	175	45	0	0	223	24	0	14	0	5	0	28	30	0	88	0	12	0	0	46	0	0	54	452	0	0	0	0	27	0	87	0	63	0	0	0	0	12	0	0	42	0	37	0	0	0	140	0	0	0	0	0	19	0	9	0	0	0	0	0	0	0	0	0	0	0	0	23	7	0	0	0	0	0	0	0	0	0	0	0	0	0	0	0	0	0	11	25	0	0	0	0	0	0	0	0	0	0	0	0	0	0	0	0	0	0	0	0	0	0	0	0	0	0	0	0	0	0	0	0	0	0	0	0	0	0	0	0	0	0	0	0	0	0
Day14.Hr4.V8	11126	21598	8462	2905	12510	4639	2170	3348	0	409	198	280	187	148	781	800	1077	876	400	1394	843	561	262	109	607	39	763	572	282	311	19	10	78	69	35	334	73	46	13	116	66	52	0	107	0	40	0	86	50	11	0	0	0	97	48	0	0	0	0	76	83	0	0	0	15	0	0	0	7	19	0	0	42	68	6	19	0	0	0	0	29	0	0	13	13	0	0	0	0	13	27	0	0	8	0	0	19	0	0	0	2	0	0	0	0	0	9	0	0	8	0	6	0	0	0	0	0	0	0	0	0	0	0	0	0	0	0	0	0	0	0	0	0	0	0	0	0	0	0	0	0	0	0	0	0	0	0	0	0	0	0	0	0	0	0	0	0	0	0	0	0	0	0	0	0	0
Day14.Hr8.V3	15685	10136	11918	4687	12908	5574	2490	1690	18	3336	267	698	279	984	599	877	911	1023	944	430	940	630	587	128	79	72	46	1082	803	651	150	146	186	194	50	396	97	61	0	415	180	323	248	49	96	164	145	156	113	68	248	0	71	110	75	0	10	164	0	119	38	0	0	83	38	0	0	0	7	34	55	0	44	0	16	0	0	0	0	55	32	71	58	25	17	52	41	0	27	27	33	0	21	5	14	0	52	28	0	0	7	0	0	0	0	0	6	0	21	33	17	0	0	0	0	0	0	7	0	0	0	0	0	0	0	0	0	0	0	0	0	0	0	112	0	0	0	0	0	0	0	0	0	0	0	0	0	0	0	0	0	0	0	0	0	0	0	0	0	0	0	0	0	0	0	0
Day14.Hr8.V4	27479	25661	7468	11535	11757	7930	7009	3495	17	1132	195	557	433	540	972	322	1589	2727	891	736	2663	1004	984	185	562	211	134	1026	478	610	99	448	171	554	0	471	84	64	0	231	105	424	287	67	0	49	162	102	22	166	375	0	0	162	85	0	17	121	308	141	44	0	0	41	33	0	0	10	17	30	32	0	74	0	45	33	0	0	0	87	55	105	0	42	33	42	21	0	0	34	57	48	76	17	15	0	54	0	0	40	8	0	0	0	0	22	0	27	21	16	19	0	0	16	0	0	0	0	0	0	0	0	0	0	13	0	0	0	0	0	0	19	0	0	0	0	0	0	0	0	0	0	0	0	0	0	0	0	0	0	0	0	0	0	0	0	0	0	0	0	0	0	0	0	0	0
Day14.Hr8.V5	2395	1922	1936	268	1096	845	387	76	0	376	60	159	292	4	127	104	213	156	174	300	150	145	3	23	89	129	142	22	0	71	0	0	39	12	0	22	0	0	5	37	54	4	19	31	0	18	0	24	12	11	0	0	29	0	0	0	4	0	0	21	0	0	0	0	0	0	0	0	0	12	0	0	0	0	0	0	0	0	0	0	0	0	0	0	4	0	0	0	0	6	0	0	0	0	0	0	6	0	0	0	0	0	0	0	0	0	0	0	0	0	0	0	0	0	3	0	0	0	0	0	0	0	0	0	0	0	0	0	0	0	0	0	0	0	0	0	0	0	0	0	0	0	0	0	0	0	0	0	0	0	0	0	0	0	0	0	0	0	0	0	0	0	0	0	0	0
Day14.Hr8.V6	3479	470	2227	684	575	842	404	217	133	664	67	154	450	916	250	245	94	178	201	253	156	169	87	208	335	83	283	16	76	82	22	197	133	62	0	31	50	54	39	140	0	0	8	21	101	22	0	39	33	17	0	0	0	19	0	0	0	0	28	0	0	0	120	0	9	0	0	129	0	13	0	0	32	0	10	0	0	38	0	0	0	0	0	0	12	0	0	0	0	0	6	0	0	0	0	0	0	0	0	0	0	0	0	0	0	0	0	0	0	5	0	0	0	0	0	0	0	0	0	0	0	0	0	0	0	0	0	0	0	0	0	0	0	0	0	0	0	0	0	0	0	0	0	0	0	0	0	0	0	0	0	0	0	0	0	0	0	0	0	0	0	0	0	0	0	0
Day14.Hr8.V7	10798	264	2711	9029	9819	541	464	64	0	1167	305	2047	260	1422	290	758	381	253	291	241	213	77	716	65	269	0	169	280	344	706	205	86	97	243	61	239	0	348	654	246	131	16	109	110	150	140	29	116	83	493	0	0	70	110	76	0	160	0	0	0	0	0	0	53	0	0	65	0	28	14	18	0	0	0	0	31	0	209	0	0	0	0	0	20	0	0	0	76	0	8	0	160	10	0	0	0	0	0	0	0	5	0	0	0	30	0	0	0	0	0	0	0	0	0	0	0	0	0	0	0	8	0	0	0	0	0	0	0	0	0	0	0	30	0	0	0	0	0	0	0	0	0	0	0	0	0	0	0	0	0	0	0	0	0	5	0	0	0	0	0	0	0	0	0	0	0
Day14.Hr8.V8	14494	28643	10097	3747	15179	6162	2835	4461	0	671	259	453	217	297	1134	1071	1430	1204	668	1990	1053	867	751	139	1061	68	1086	915	578	539	48	17	120	158	58	393	93	46	26	184	136	62	0	193	58	101	0	126	106	26	0	0	0	143	93	0	0	0	0	134	94	0	0	0	19	0	0	0	0	17	0	0	55	73	12	0	0	0	0	0	34	0	0	24	26	27	7	12	0	23	82	0	0	4	20	0	24	46	0	0	4	0	0	0	0	0	6	0	0	0	8	13	0	0	6	0	0	0	0	0	4	0	0	0	0	0	0	0	0	0	0	0	0	0	0	0	0	0	0	0	0	0	0	0	0	0	0	0	0	0	0	0	0	0	0	0	0	0	0	0	0	0	0	0	0	0
Day15.Hr4.V3	18287	16955	18441	12516	19188	5264	4252	2385	15	3856	656	713	334	903	720	594	1314	1679	857	395	1523	512	837	93	49	69	115	1069	911	662	134	169	137	154	97	502	54	59	0	266	158	379	321	54	13	55	155	146	113	66	226	0	0	163	0	0	17	248	74	114	45	0	0	74	38	0	0	0	14	39	40	0	46	0	11	31	0	0	0	54	42	98	99	35	8	0	22	12	88	0	38	0	24	3	0	0	26	0	0	0	2	0	0	0	0	0	0	0	14	10	10	15	0	0	8	0	0	0	0	0	5	0	0	0	0	0	0	0	0	0	0	0	0	0	0	0	0	0	0	0	0	0	0	0	0	0	0	0	0	0	0	0	0	0	0	0	0	0	0	0	0	0	0	0	0	0
Day15.Hr4.V4	23714	22944	12940	22253	22243	8824	6854	3977	11	2499	536	668	556	307	849	235	1711	2827	915	573	2629	726	903	216	470	159	125	1504	512	630	221	401	214	744	82	389	87	69	0	426	192	627	473	84	0	52	233	174	45	315	393	0	0	206	92	0	46	159	747	140	72	0	0	81	55	0	0	19	13	39	49	0	57	0	38	80	0	0	0	91	50	173	38	31	40	0	28	0	0	45	66	101	60	20	29	28	40	0	0	20	3	0	0	0	0	27	6	0	32	0	0	0	0	27	13	0	0	0	0	0	13	0	0	0	15	0	0	0	0	0	0	18	0	0	0	0	0	0	0	0	0	0	0	0	0	0	0	0	0	17	0	0	0	0	0	0	0	0	0	0	0	0	0	0	0	0
Day15.Hr4.V5	17171	17926	20080	10242	11199	3449	2449	443	0	1942	297	1240	1397	36	728	524	2103	916	965	1636	871	416	13	73	444	486	1598	132	48	538	69	48	143	177	40	149	108	49	13	185	223	40	254	112	79	76	0	152	122	102	0	0	104	113	0	0	158	153	0	112	39	0	0	93	41	0	0	0	110	40	55	0	21	0	0	28	0	0	0	109	0	0	53	26	8	0	0	22	0	0	6	0	0	13	11	0	15	0	0	0	1	0	0	0	0	0	11	0	8	14	0	17	0	0	16	0	0	0	0	0	3	0	0	0	0	0	0	0	0	0	0	0	0	0	0	0	0	0	0	0	0	0	0	0	0	0	0	0	0	0	0	0	0	0	0	0	0	0	0	4	0	0	0	0	0	0
Day15.Hr4.V6	14694	26716	4032	22927	3463	3361	1488	284	43	3998	13235	1028	2275	124	525	557	1614	559	1147	899	498	328	14	93	102	142	1181	75	0	423	204	42	278	399	2497	157	109	28	503	120	284	82	165	153	140	244	0	82	103	54	0	0	70	81	0	0	94	449	0	75	12	0	0	142	38	0	0	0	278	36	46	0	17	0	16	0	0	0	0	0	0	0	40	22	17	0	5	24	0	0	0	0	18	0	26	29	0	0	0	0	3	0	0	17	0	0	0	0	0	16	0	0	0	0	0	0	0	0	14	0	9	0	0	0	0	0	0	0	0	0	0	0	0	0	0	0	0	0	0	0	0	0	0	0	0	0	0	0	0	0	0	0	0	0	3	0	0	0	0	0	0	0	0	0	0	0
Day15.Hr4.V7	2535	588	4020	2073	3634	1332	776	369	0	491	80	159	110	198	149	20	205	319	372	242	294	55	168	42	14	0	59	123	752	126	62	35	0	24	0	195	0	124	156	28	61	112	46	20	8	0	33	22	35	80	0	0	0	0	0	0	20	0	29	21	6	0	0	0	0	0	25	0	0	6	0	0	17	0	0	0	0	0	0	0	0	0	0	0	0	0	4	0	22	0	3	0	0	0	0	0	0	12	13	0	0	0	0	0	0	0	0	0	0	0	0	0	0	0	0	0	0	8	0	0	0	0	0	0	0	0	0	0	0	0	0	0	0	0	0	0	0	0	0	0	0	0	0	0	0	0	0	0	0	0	0	0	0	0	0	0	0	0	0	0	0	0	0	0	0	0
Day15.Hr4.V8	11255	18225	7971	3353	13423	5000	2093	2985	8	1054	203	311	202	198	726	713	1049	923	576	1418	819	559	349	109	767	46	773	549	350	275	82	11	117	97	31	290	89	56	6	152	127	74	0	142	0	71	0	120	79	42	0	0	0	120	52	0	0	0	0	89	88	0	0	67	12	0	0	4	10	27	0	0	55	0	14	30	0	0	0	0	37	0	0	17	10	0	0	0	10	11	43	0	0	6	0	0	13	0	0	0	2	0	0	0	0	0	0	0	7	0	0	13	0	0	8	0	0	0	0	0	0	13	0	0	0	0	0	0	0	0	0	0	0	0	0	0	0	0	0	0	0	0	3	0	0	0	0	6	0	0	0	0	0	0	0	0	0	0	0	0	0	0	0	0	2	0
Day15.Hr8.V3	4038	415	1453	3384	3340	277	115	36	0	330	215	454	46	443	108	259	135	0	113	35	38	15	276	25	9	6	146	47	221	154	86	13	30	88	0	68	0	122	285	114	46	0	13	14	68	0	0	61	47	107	0	0	38	0	0	0	8	0	300	42	0	0	0	0	3	0	0	0	14	0	0	0	0	0	0	0	0	79	0	0	0	0	0	0	0	0	0	0	5	0	0	0	0	0	0	0	0	0	0	0	7	0	0	0	0	0	0	0	0	6	0	0	0	0	0	0	0	0	0	0	0	0	0	0	0	0	0	0	0	0	0	0	0	0	0	0	0	0	0	0	0	0	0	0	0	0	0	0	0	0	0	0	0	0	0	0	0	0	0	0	0	0	0	0	0	0
Day15.Hr8.V4	12813	11637	6406	7551	8194	2795	3850	1967	0	987	269	305	246	158	490	165	845	1513	539	200	1504	115	287	97	221	55	85	597	252	316	77	143	102	362	0	201	48	30	0	166	129	273	237	37	0	25	119	77	18	130	132	0	0	80	48	0	22	0	323	80	18	0	0	0	21	0	0	10	16	21	22	0	40	0	18	30	0	0	0	53	39	55	0	0	9	43	0	0	0	20	20	48	38	4	20	0	25	0	0	0	17	0	0	0	0	0	0	0	0	0	0	0	0	0	0	0	0	0	0	0	10	0	0	0	0	0	0	0	0	0	0	11	0	0	0	0	0	0	0	0	0	0	0	0	0	0	0	0	0	0	0	0	0	0	0	0	0	0	0	0	0	0	0	0	0	0
Day15.Hr8.V5	13686	17799	14873	8116	9944	4028	2620	417	26	5814	253	901	1483	23	654	546	1149	1103	852	1449	988	841	15	57	400	537	2209	170	46	417	68	52	209	208	38	128	99	39	26	178	207	32	176	99	46	139	0	184	113	105	0	0	93	110	0	0	120	128	0	100	29	0	0	92	37	0	0	0	92	45	29	0	18	0	7	44	0	0	0	99	0	0	63	31	11	36	0	11	0	12	8	0	14	15	17	0	24	0	0	0	1	0	0	0	0	0	11	0	12	11	0	12	0	0	10	0	0	0	0	0	0	0	0	0	0	0	0	0	0	0	0	0	0	0	0	0	0	0	0	0	0	0	0	0	0	0	0	0	0	0	0	0	0	0	0	0	0	0	0	0	0	0	0	0	0	0
Day15.Hr8.V6	18919	49485	5472	24660	2020	5471	2480	488	66	9531	16245	1309	2746	146	410	982	1847	892	1137	996	830	609	33	109	133	222	1658	117	0	535	211	52	279	639	3143	175	312	39	446	162	280	112	131	174	132	299	0	100	112	59	0	0	120	166	0	0	119	449	0	115	36	0	0	122	67	0	0	0	568	53	68	72	0	0	21	17	0	0	0	77	17	0	95	33	17	49	0	50	0	5	0	0	25	10	40	46	0	0	0	0	1	0	0	0	0	0	0	0	0	23	0	22	0	0	14	0	0	0	19	7	13	0	0	0	0	0	0	0	0	0	0	0	0	0	0	0	0	0	58	0	0	0	0	0	0	0	0	0	0	0	0	0	0	0	0	0	0	0	0	0	0	0	0	0	0	0
Day15.Hr8.V7	12316	19211	16292	7884	7391	2283	1071	444	0	1730	181	809	105	70	428	795	1195	392	682	203	392	32	3	40	199	23	329	123	37	429	45	6	103	117	0	128	148	36	22	154	141	36	108	33	49	61	80	75	86	42	0	0	0	77	0	0	30	0	0	70	30	0	0	55	7	0	0	0	153	29	36	0	0	0	0	32	0	0	0	0	0	0	29	10	9	27	3	0	0	0	0	0	0	0	18	0	97	0	0	0	1	0	0	0	0	0	12	0	0	0	0	0	0	0	0	0	0	0	0	0	4	9	0	0	0	0	0	0	0	0	0	0	0	0	0	0	0	0	0	0	0	0	0	0	0	0	0	0	0	0	0	0	0	0	0	0	0	0	0	0	0	0	0	0	0	0
Day15.Hr8.V8	3053	528	3514	6149	2258	605	563	76	0	1324	1793	1478	489	405	146	638	296	254	347	59	233	15	20	37	22	0	217	26	0	122	161	88	23	126	345	46	0	49	289	34	173	27	97	62	115	8	0	43	61	52	0	0	78	0	0	0	55	90	0	46	0	0	0	64	23	0	29	0	0	17	0	0	0	0	0	0	0	0	0	0	0	0	0	0	7	0	0	0	0	9	0	0	0	0	0	0	0	0	0	0	12	0	0	6	0	0	0	0	0	0	0	0	0	0	0	0	0	0	0	0	0	0	0	0	0	0	0	0	0	0	0	0	0	0	0	0	0	0	0	0	0	0	0	0	0	0	0	0	0	0	0	0	0	0	0	0	0	0	0	0	0	0	0	0	0	0
Day16.Hr4.V3	10703	10666	10004	14999	24464	1586	2397	2446	0	1609	247	319	250	698	535	56	974	985	605	161	868	323	710	92	38	29	122	1162	503	361	217	275	120	129	39	368	315	32	25	286	285	284	157	26	15	92	184	85	91	274	0	0	0	140	0	0	58	264	209	92	33	0	0	110	20	0	0	0	36	33	35	0	0	0	0	0	0	0	0	0	47	60	52	0	0	0	0	14	127	7	14	93	0	0	0	0	0	0	0	0	23	0	0	0	0	0	0	0	14	9	0	0	0	0	4	20	0	0	0	0	0	0	0	0	0	0	0	0	0	0	0	0	0	0	0	0	0	0	0	0	0	0	0	0	0	0	0	0	0	0	0	0	0	0	0	0	0	0	0	0	0	0	0	0	0	0
Day16.Hr4.V4	1063	71	233	1211	529	86	106	0	0	93	83	364	37	122	33	22	25	0	56	103	50	21	107	0	160	0	9	13	76	94	44	9	16	18	0	0	0	63	11	27	32	0	9	8	18	36	0	18	15	63	0	0	0	0	0	0	29	0	0	7	0	0	0	0	0	0	5	0	0	0	0	0	0	0	0	9	0	16	0	0	0	0	0	0	0	0	0	0	0	0	0	0	0	0	0	0	0	0	0	0	7	0	0	0	0	0	0	0	0	0	0	0	0	0	0	0	0	0	0	0	0	0	0	0	0	0	0	0	0	0	0	0	0	0	0	0	0	0	0	0	0	0	0	0	0	0	0	0	0	0	0	0	0	0	0	0	0	0	0	0	0	0	0	0	0	0
Day16.Hr4.V5	4700	3926	5510	1496	5227	1111	440	79	0	1116	101	374	596	40	266	194	278	170	378	747	175	436	14	43	189	116	514	47	0	164	53	20	105	68	0	45	180	0	14	142	212	12	126	53	84	123	0	40	70	50	0	0	87	0	0	0	99	64	0	56	8	0	0	90	17	0	0	0	35	16	0	0	0	0	0	20	0	0	0	0	0	0	0	0	0	0	5	0	0	6	3	0	0	0	0	0	0	0	0	0	12	0	0	0	0	0	0	0	0	0	0	0	0	0	0	0	0	0	0	0	0	0	0	0	0	0	0	0	0	0	0	0	0	0	0	0	0	0	0	0	0	0	0	0	0	0	0	0	0	0	0	0	0	0	0	0	0	0	0	0	0	0	0	0	0	0
Day16.Hr4.V6	11925	22560	3495	13117	3419	1195	740	232	28	1834	9132	839	1349	193	493	543	1428	277	713	401	273	249	31	111	106	307	788	59	0	379	134	26	196	379	1700	141	816	0	259	59	171	99	94	55	120	221	0	53	53	31	0	0	133	0	0	0	95	276	0	97	6	0	0	77	30	0	0	0	136	27	42	53	0	0	9	10	0	0	0	59	0	0	25	0	15	14	6	20	0	6	0	0	12	11	25	36	0	0	0	0	19	0	0	0	0	0	0	0	0	0	0	0	0	0	14	0	0	0	0	0	8	0	0	0	0	0	0	0	0	0	0	0	0	0	0	0	0	0	0	0	0	0	0	0	0	0	0	0	0	0	0	0	0	0	0	0	0	0	0	0	0	0	0	0	0	0
Day16.Hr4.V7	15911	19956	17416	18624	16470	2396	706	426	0	1582	316	1060	197	389	504	1012	913	264	843	1072	235	350	22	80	361	38	428	105	45	663	132	8	212	193	54	154	737	43	299	199	236	34	248	42	141	292	57	180	201	71	0	0	192	88	0	0	49	259	0	73	81	0	0	112	23	0	0	0	184	37	38	0	0	0	0	44	0	0	0	0	0	0	0	0	12	0	4	21	0	14	0	0	0	0	34	0	37	0	0	0	31	0	0	0	0	0	23	0	11	9	0	22	0	0	7	0	0	0	0	5	0	0	0	0	0	0	0	0	0	0	0	0	0	0	0	0	0	0	0	0	0	0	0	0	0	0	0	0	0	0	0	0	0	0	0	0	0	0	0	0	0	0	0	0	0	0
Day16.Hr4.V8	3155	701	681	0	0	1007	70	3109	694	0	133	0	3184	570	1400	354	242	0	674	209	0	700	181	1680	302	264	10	0	0	72	43	177	159	58	0	0	408	34	0	9	0	119	0	45	0	0	131	0	11	0	0	247	0	0	131	0	0	0	0	0	156	67	125	0	71	0	0	0	0	21	0	0	0	0	68	0	0	0	0	0	0	0	0	0	0	0	25	0	0	0	11	0	0	7	0	0	0	0	0	27	0	0	0	0	0	0	0	0	0	0	0	0	0	4	0	0	0	0	0	0	0	23	0	0	0	0	0	0	0	0	0	0	0	0	0	0	0	0	0	0	0	0	0	0	0	0	0	0	0	0	0	0	0	0	0	0	0	0	0	0	0	0	0	0	0	0
Day16.Hr8.V3	9654	11330	7877	7859	15105	1322	1783	1360	11	1010	253	264	140	468	265	73	553	674	271	36	620	36	119	81	23	13	50	458	359	270	57	51	27	72	46	379	28	0	6	124	69	145	125	25	0	21	60	42	36	17	0	0	0	64	0	0	8	139	65	36	12	0	0	0	0	0	0	0	12	0	0	0	0	0	0	0	0	0	0	0	27	41	35	0	7	0	0	0	48	0	15	0	0	0	0	0	0	0	0	0	17	0	0	0	0	0	0	0	0	6	0	0	0	0	0	18	0	0	0	0	3	0	0	0	0	0	0	0	0	0	0	0	0	0	0	0	0	0	0	0	0	0	0	0	0	0	0	0	0	0	0	0	0	0	0	0	0	0	0	0	0	0	0	0	0	0
Day16.Hr8.V4	3785	3750	2660	2982	3541	1224	1410	695	0	713	127	119	135	55	168	20	407	631	277	53	546	24	61	55	105	23	32	365	109	96	72	58	41	318	0	62	0	0	0	109	74	147	102	8	13	5	74	36	7	75	0	0	0	0	0	0	15	0	192	62	7	0	0	0	13	0	0	10	0	0	0	0	23	0	15	0	0	0	0	0	0	44	0	0	0	0	0	0	0	25	12	0	17	0	16	0	0	0	0	0	0	0	0	0	0	0	0	0	0	0	0	0	0	0	0	0	0	0	0	0	0	0	0	0	0	0	0	0	0	0	0	0	0	0	0	0	0	0	0	0	0	0	0	0	0	0	0	0	0	0	0	0	0	0	0	0	0	0	0	0	0	0	0	0	0	0
Day16.Hr8.V5	2362	2508	941	2118	122	1993	480	414	64	183	22	17	115	147	116	205	131	190	200	335	196	384	70	51	230	47	120	91	73	14	7	20	31	13	0	0	10	0	0	41	0	57	59	12	43	7	0	30	6	0	0	0	0	0	0	0	0	0	0	19	0	0	0	0	0	0	0	4	0	0	0	0	13	0	0	0	0	26	0	0	0	0	0	0	0	14	0	0	0	0	10	0	0	0	0	0	0	0	0	0	0	0	0	0	0	0	0	0	0	5	16	0	0	0	0	0	0	0	0	0	0	0	0	0	9	0	0	0	0	0	0	0	0	0	0	0	0	0	0	0	0	0	0	0	0	0	0	0	0	0	0	0	0	0	0	0	0	0	0	0	0	0	0	0	0	0
Day16.Hr8.V6	19954	34493	8940	14786	7963	2927	1988	896	22	1606	8760	1224	823	255	635	1070	2894	747	1080	261	736	188	29	137	275	129	1236	660	81	676	90	31	192	441	1554	269	70	38	261	153	231	59	97	77	134	120	0	123	111	24	0	0	70	126	0	0	62	264	0	108	25	0	0	88	43	0	0	0	170	47	52	0	15	73	11	17	0	0	0	0	0	0	0	46	6	39	0	37	0	12	8	0	0	0	32	0	17	0	0	0	4	0	0	0	0	0	12	0	0	8	10	20	0	0	10	0	0	0	0	0	11	0	0	0	0	0	0	0	0	0	0	0	0	0	0	0	0	0	0	0	0	0	0	0	0	0	0	0	0	0	0	0	0	0	0	0	0	0	0	0	0	0	0	0	0	0
Day16.Hr8.V7	5758	951	3236	0	0	3561	218	603	76	664	29	16	388	459	396	386	206	118	439	331	109	1744	40	788	921	147	164	18	0	98	35	461	645	111	0	0	57	48	0	146	0	9	0	35	132	102	0	25	41	0	0	0	0	0	76	381	0	0	0	29	49	59	0	0	59	0	0	0	0	18	19	0	43	0	49	0	0	0	104	0	28	0	0	0	14	0	0	0	0	4	0	0	0	8	0	0	0	0	0	0	21	0	0	0	0	0	9	0	0	0	0	0	0	13	0	0	0	0	0	12	0	0	0	0	0	0	0	0	0	0	0	0	0	0	0	0	0	0	0	0	0	0	0	0	0	0	0	0	0	0	0	0	0	0	0	0	0	0	0	0	0	0	0	0	0	0
Day16.Hr8.V8	3471	844	1204	0	2	694	76	1920	444	32	46	0	2456	343	855	389	164	48	380	169	48	22	147	1209	565	352	6	0	20	57	29	316	150	21	0	33	154	0	0	10	0	0	0	48	14	0	92	0	10	0	0	256	0	0	90	0	0	0	0	0	133	0	155	0	67	0	0	0	0	7	0	0	0	0	50	0	0	0	0	0	0	0	0	0	10	0	14	0	0	0	0	0	0	0	0	0	0	0	0	0	0	0	0	0	0	0	0	0	0	0	0	0	0	0	0	0	8	0	0	0	0	0	0	0	0	0	0	0	0	0	0	0	0	0	0	0	0	0	0	0	0	0	0	0	0	0	0	0	0	0	0	0	0	0	0	0	0	0	0	0	0	0	0	0	0	0
Day17.Hr4.V3	2141	760	5489	1225	2527	1186	724	266	0	616	42	58	185	140	144	22	146	332	412	119	304	53	647	81	16	0	76	92	525	102	71	44	0	14	0	64	46	65	156	39	128	74	24	53	0	0	0	46	55	63	0	0	0	28	0	0	20	0	25	0	0	0	0	0	0	0	34	0	13	6	0	0	0	0	13	0	0	0	0	0	0	0	0	0	0	0	16	0	61	0	0	0	0	0	0	0	0	15	19	0	14	0	0	0	0	0	0	0	0	0	0	0	0	0	0	0	0	0	0	0	0	0	0	0	0	0	0	0	0	0	0	0	0	0	0	0	0	0	0	0	0	0	0	0	0	0	0	0	0	0	0	0	0	0	0	0	0	0	0	0	0	0	0	0	0	0
Day17.Hr4.V4	13477	3609	6631	20816	16030	5941	3431	2041	39	1355	2475	449	611	204	529	60	902	1523	623	435	1285	430	480	172	361	177	61	1688	195	262	189	356	133	863	462	183	85	47	0	225	278	467	259	20	102	34	304	123	17	167	0	0	0	112	0	0	63	0	436	66	19	0	0	105	43	0	0	70	0	32	53	0	37	0	24	74	0	0	0	0	32	112	0	0	0	0	11	0	19	73	38	60	22	14	47	0	17	0	0	19	23	0	0	0	0	0	0	14	7	0	12	0	0	22	0	0	0	0	0	0	10	0	0	0	0	0	0	0	0	0	0	0	0	0	0	0	0	0	0	0	0	0	0	0	0	0	0	0	0	0	0	0	0	0	0	0	0	0	0	0	0	0	0	0	0	0
Day17.Hr4.V5	12599	13482	11379	4336	10966	2111	1211	155	11	1689	210	891	896	191	481	519	933	442	678	537	400	362	13	68	181	353	1366	120	0	376	49	99	169	190	39	146	47	26	11	118	167	21	228	41	121	85	0	135	125	52	0	0	93	69	0	0	187	0	0	92	46	0	0	64	31	0	0	0	92	34	44	0	0	50	0	35	0	0	0	0	0	0	0	23	0	0	0	0	0	11	0	0	0	0	15	0	0	0	0	0	1	0	0	0	0	0	0	0	5	7	0	0	0	0	14	0	0	0	0	0	3	0	0	0	0	0	0	0	0	0	0	0	0	0	0	0	0	0	0	0	0	0	0	0	0	0	0	0	0	0	0	0	0	0	0	0	0	0	0	0	0	0	0	0	0	0
Day17.Hr4.V6	15581	9777	4930	17890	6679	2574	1700	298	56	2022	9317	1127	2484	514	805	921	1412	740	916	665	642	239	37	202	207	266	850	81	0	528	253	267	224	622	1769	182	160	28	301	87	287	133	135	66	174	158	0	85	84	71	117	0	62	68	0	0	157	370	0	63	0	0	0	110	63	0	0	0	186	26	64	0	29	79	13	21	0	0	0	57	0	0	0	27	16	0	0	28	0	23	0	0	9	11	37	50	0	0	0	0	4	0	0	13	0	0	0	0	0	0	0	15	0	5	16	0	0	0	12	0	0	0	0	0	0	0	0	0	0	0	0	0	0	0	0	0	0	0	0	0	0	0	0	0	0	0	0	0	0	0	0	0	0	0	0	0	0	0	0	0	0	0	0	0	0	0
Day17.Hr4.V7	1230	557	2497	1421	1833	668	385	64	0	381	56	99	440	100	62	117	94	180	117	263	162	252	7	23	53	64	156	24	23	49	24	21	23	25	0	0	47	0	53	25	62	14	32	21	0	176	0	20	26	13	0	0	0	0	0	0	31	0	0	19	0	0	0	0	0	0	0	0	0	0	0	0	11	0	4	0	0	0	0	0	0	0	0	0	0	0	0	0	0	0	0	0	0	0	0	0	0	7	0	0	0	0	0	0	0	0	0	0	0	0	0	0	0	0	0	0	0	0	4	0	0	0	0	0	0	0	0	0	0	0	0	0	0	0	0	0	0	0	0	0	0	0	0	0	0	0	0	0	0	0	0	0	0	0	0	0	0	0	0	0	0	0	0	0	0	0
Day17.Hr4.V8	16096	10384	6764	5060	21341	4285	2476	4115	0	1091	256	291	723	60	1397	470	1075	1110	729	1359	904	581	732	116	461	81	918	411	390	370	112	57	120	105	44	320	75	53	18	227	226	195	266	138	71	37	0	122	113	64	235	0	0	103	48	0	0	79	0	63	80	0	0	81	37	0	0	9	17	37	0	0	58	0	23	38	0	0	0	0	47	53	0	24	12	0	0	0	55	15	54	0	0	7	20	0	0	0	0	0	1	0	0	0	0	15	8	32	12	17	0	0	0	8	0	0	0	8	0	0	0	9	0	0	0	0	0	0	0	0	0	0	0	0	0	0	0	0	0	0	0	0	9	0	0	0	0	0	0	0	0	0	0	0	0	0	0	0	0	0	0	0	0	0	0	0
Day17.Hr8.V3	2575	418	1705	28	18	649	336	220	129	251	18	24	237	1045	342	543	114	155	173	124	129	201	15	353	355	83	189	0	20	43	0	134	163	65	0	0	44	20	0	44	0	0	0	19	93	20	0	15	13	0	0	0	0	0	43	0	0	0	0	0	47	80	97	0	0	0	0	196	0	0	0	0	30	0	47	0	0	0	0	0	20	0	0	0	16	0	0	0	0	0	14	0	0	0	0	0	0	0	0	0	0	0	0	0	0	0	0	0	0	0	0	0	0	0	0	0	0	0	0	0	0	0	0	0	0	0	0	0	0	0	0	0	0	0	0	0	0	0	0	0	0	0	0	0	0	0	0	0	0	0	0	0	0	0	0	0	0	0	0	0	0	0	0	0	0	0
Day17.Hr8.V4	3152	1263	1934	1715	3718	460	1097	467	0	729	408	64	106	23	177	0	297	425	261	127	420	77	142	74	101	16	27	512	52	73	52	109	84	292	67	46	20	0	0	90	121	111	66	10	41	0	128	23	10	57	0	0	0	74	0	0	18	0	163	0	0	0	0	0	15	0	0	17	0	11	0	0	0	0	14	0	0	0	0	0	23	0	0	0	9	14	0	0	0	19	0	0	13	0	0	0	0	0	0	11	0	0	0	0	0	0	0	0	0	0	0	0	0	0	0	0	0	0	0	0	0	0	0	0	0	0	0	0	0	0	0	0	0	0	0	0	0	0	0	0	0	0	0	0	0	0	0	0	0	0	0	0	12	0	0	0	0	0	0	0	0	0	0	0	0	0
Day17.Hr8.V5	13138	14643	14001	6876	15598	3284	916	186	11	2482	277	911	1209	194	456	445	820	381	656	911	324	393	7	61	197	323	1080	120	0	442	82	75	165	158	0	178	97	34	16	152	209	33	315	54	154	108	0	97	110	72	106	0	70	83	0	0	246	100	0	61	36	0	0	72	27	0	0	0	87	35	29	0	0	0	6	42	0	0	0	0	0	0	24	22	0	17	0	0	0	10	0	0	0	11	17	0	0	0	0	0	4	0	0	0	0	0	4	0	0	8	0	16	0	0	11	0	0	0	0	0	0	0	0	0	0	0	0	0	0	0	0	0	0	0	0	0	0	0	0	0	0	0	0	0	0	0	0	0	0	0	0	0	0	0	0	0	0	0	0	0	0	0	0	0	0	0
Day17.Hr8.V6	5910	5811	6015	9383	3810	2854	1239	162	19	2213	77	547	1433	18	361	254	570	503	726	602	436	357	20	46	251	209	515	35	28	201	51	15	160	65	0	43	59	0	42	169	136	34	27	54	72	70	0	135	85	117	0	0	54	85	0	0	27	0	0	0	5	0	0	51	14	0	0	0	28	22	14	0	0	0	0	17	0	0	0	0	0	0	33	0	0	0	0	0	0	16	0	49	14	0	0	0	29	0	0	0	8	0	0	0	0	0	0	0	0	5	0	8	0	0	0	0	0	0	0	0	7	0	0	0	0	0	0	0	0	0	0	0	0	0	0	0	0	0	0	0	0	0	0	0	0	0	0	0	0	0	3	0	0	0	0	0	0	0	0	0	0	0	0	0	0	0
Day17.Hr8.V7	3701	638	5171	6547	6193	713	554	74	0	606	132	1634	523	631	97	354	252	295	317	515	229	37	134	68	518	0	165	95	116	171	127	23	65	95	0	42	0	206	260	71	168	7	148	54	80	26	0	50	94	95	65	0	53	32	0	0	153	0	0	0	0	0	0	0	9	0	17	0	20	20	0	0	0	0	0	34	0	19	0	0	0	0	0	0	8	0	6	0	0	18	2	0	0	0	0	0	0	0	0	0	14	0	0	0	0	0	0	0	6	6	0	0	0	0	0	0	0	0	0	0	0	0	0	0	0	0	0	0	0	0	0	0	0	0	0	0	0	0	0	0	0	0	0	0	0	0	0	0	0	0	0	0	0	0	0	0	0	0	0	0	0	0	0	0	0	0
Day17.Hr8.V8	116	3459	0	195	0	8220	3	0	12162	629	0	0	0	190	0	0	223	0	66	0	0	0	115	0	0	3838	0	8	0	0	3540	27	0	11	0	0	0	0	0	5	0	8	0	0	0	0	0	0	0	16	0	0	0	0	0	0	0	0	0	15	0	0	12	0	0	0	0	0	0	0	14	0	0	0	0	0	0	0	0	0	0	0	0	0	0	0	6	0	0	0	0	0	0	96	0	0	0	0	0	0	0	0	0	68	0	0	0	0	0	0	0	0	0	0	0	0	0	0	14	0	0	0	0	0	0	0	0	0	0	0	0	0	0	0	11	10	0	0	0	0	0	0	0	0	0	0	0	0	0	0	0	0	0	0	0	0	0	0	0	0	0	0	0	0	0	0
Day18.Hr4.V3	24101	6058	4700	6179	14237	4382	4359	4229	12	1189	175	15	367	474	1073	0	1105	1647	388	544	1575	978	703	48	44	55	108	1727	1088	364	118	417	69	88	0	620	61	35	123	102	136	510	91	40	14	13	137	90	40	66	0	0	0	76	57	0	39	0	190	66	53	0	0	53	29	0	0	0	13	43	15	0	60	0	8	0	0	0	0	0	59	127	104	23	21	29	14	0	112	0	29	0	0	11	37	0	0	0	55	24	0	0	0	0	0	0	0	0	6	0	9	0	0	0	0	0	0	0	0	0	0	0	0	0	0	0	0	0	0	0	0	0	0	0	0	0	0	0	0	0	0	0	0	0	0	0	0	0	0	0	0	0	0	0	0	0	0	0	0	0	0	0	0	0	0	0
Day18.Hr4.V4	4684	883	2017	2030	4544	2765	1039	415	9	499	1421	244	195	80	164	80	207	434	243	237	448	275	62	81	229	38	41	506	55	86	76	76	48	447	290	50	31	26	0	105	118	152	135	19	85	24	95	57	20	57	0	0	0	63	0	0	21	0	17	0	5	0	0	0	0	0	0	19	0	17	18	0	0	0	0	16	0	0	0	0	31	0	0	0	0	0	0	0	12	18	0	36	0	0	31	0	0	0	14	0	7	0	0	0	0	0	0	0	6	0	0	0	0	0	0	0	0	0	0	0	0	0	0	0	0	0	0	0	0	0	0	0	0	0	0	0	0	0	0	0	0	0	0	0	0	0	0	0	0	0	0	0	0	0	0	0	0	0	0	0	0	0	0	0	0	0
Day18.Hr4.V5	2302	334	634	3258	4571	504	813	513	7	366	275	1704	692	173	280	81	163	369	208	273	314	247	578	61	165	416	179	613	383	99	24	24	33	79	0	80	48	343	22	82	74	284	60	43	23	8	240	51	12	116	0	0	0	0	0	0	32	0	48	21	6	0	0	0	8	0	374	0	14	9	0	0	37	0	13	0	108	0	0	0	0	0	0	0	0	0	18	0	7	0	11	36	38	10	0	69	0	25	21	23	9	0	0	0	67	13	0	0	0	0	0	0	0	16	0	0	0	0	0	0	0	0	0	0	7	0	0	0	0	0	0	0	0	0	0	0	0	0	0	0	0	0	0	0	0	0	0	0	0	0	0	0	0	0	0	0	0	0	0	0	0	0	0	0	0	0
Day18.Hr4.V6	14821	3448	6028	10518	7843	7847	3987	832	60	3394	8548	861	2384	544	1044	1130	639	1778	907	2212	1558	1441	97	207	223	190	854	90	0	446	398	344	212	481	1699	148	56	45	425	135	361	172	121	69	212	282	0	112	73	121	881	0	0	0	66	0	129	214	0	111	0	0	0	156	80	0	0	0	30	40	51	0	33	0	14	0	0	0	0	0	0	46	0	33	0	0	10	39	0	28	7	0	0	13	50	39	0	40	0	0	2	0	0	0	0	0	0	0	0	0	0	0	0	0	10	0	0	0	8	0	0	0	0	0	0	0	0	0	0	0	0	0	0	0	0	0	0	0	0	0	0	0	0	0	0	0	0	0	0	0	0	0	0	0	0	0	0	0	0	0	0	0	0	0	0	0
Day18.Hr4.V7	3208	643	2559	1059	72	1057	465	218	105	740	168	134	549	960	230	192	84	194	272	262	193	139	30	46	195	96	300	19	0	66	20	164	331	43	0	52	53	0	15	101	10	0	0	15	41	43	0	38	15	0	0	0	0	0	0	0	0	0	0	30	0	0	116	0	0	0	0	89	0	15	0	0	15	0	0	0	0	28	0	0	0	0	0	0	0	0	0	0	0	9	0	0	0	0	0	0	0	0	0	0	8	0	0	0	0	0	0	0	0	0	0	0	0	0	0	0	0	0	0	0	0	0	0	0	0	0	0	0	0	0	0	0	0	0	0	0	0	0	0	0	0	0	0	0	0	0	0	0	0	0	0	0	0	0	0	0	0	0	0	0	0	0	0	0	0	0
Day18.Hr4.V8	668	671	390	537	302	2368	69	30	3997	232	61	90	57	137	33	48	57	0	50	36	27	17	79	29	26	878	38	13	34	20	915	0	23	14	0	0	9	0	35	27	10	0	0	6	10	5	0	0	9	10	0	0	0	8	0	0	5	0	16	0	0	0	0	0	0	0	0	5	0	0	0	0	0	0	0	0	0	7	0	0	0	0	0	0	0	0	0	0	0	0	0	0	0	4	0	0	0	0	0	0	0	0	0	19	0	0	0	0	0	0	0	0	0	0	0	0	0	0	0	0	0	0	0	0	0	0	0	0	0	0	0	0	0	0	0	0	0	0	0	0	0	0	0	0	0	0	0	0	0	0	0	0	0	0	0	0	0	0	0	0	0	0	0	0	0	0
Day18.Hr8.V3	23478	5909	3760	7004	12674	3853	3585	4456	10	1661	149	16	315	341	925	0	892	1350	489	336	1214	796	617	46	43	30	107	1379	994	319	187	244	94	89	0	665	64	43	84	123	181	506	70	58	16	20	137	99	39	83	0	0	0	100	55	0	27	0	200	72	33	0	0	92	34	0	0	0	14	35	0	0	44	0	9	26	0	0	0	0	0	99	64	30	26	85	9	0	127	0	29	0	0	10	15	0	0	0	65	25	0	0	0	0	0	0	0	37	4	0	0	0	0	0	5	0	0	0	0	0	0	0	0	0	0	0	0	0	0	0	0	0	0	0	0	0	0	0	0	0	0	0	0	0	0	0	0	0	0	0	0	0	0	0	0	0	0	0	0	0	0	0	0	0	0	0
Day18.Hr8.V4	16775	3309	6866	15488	12517	5163	4031	1503	19	787	4570	721	330	280	438	208	864	1562	525	192	1490	250	170	139	319	55	75	1599	171	291	119	225	84	1102	813	152	84	51	0	125	150	241	247	28	109	30	225	132	23	124	0	0	0	90	0	0	50	0	31	67	0	0	0	55	27	0	0	56	24	30	60	0	29	0	8	37	0	0	0	0	34	51	34	0	14	36	0	10	18	42	27	34	14	9	65	0	0	0	10	13	33	0	0	0	0	20	0	0	0	0	0	0	0	12	7	0	0	0	0	0	0	0	0	0	0	0	0	0	0	0	0	0	0	0	0	0	0	0	0	0	0	0	0	0	0	0	0	0	0	0	0	0	0	0	0	0	0	0	0	0	0	0	0	0	0	0
Day18.Hr8.V5	1205	57	248	1792	2200	235	461	283	0	145	227	882	712	116	106	135	75	208	183	131	165	117	944	80	121	205	140	287	172	62	28	12	16	21	55	0	63	196	16	58	0	155	50	35	22	0	373	18	11	82	0	0	35	0	0	0	38	0	14	13	4	0	0	39	0	0	537	0	44	0	0	0	20	0	16	0	0	0	0	0	0	0	0	0	0	0	8	17	10	0	7	0	90	4	0	27	0	31	10	27	0	0	0	0	20	14	0	0	0	0	0	0	0	0	0	0	0	0	0	0	0	0	0	0	7	0	0	0	0	0	0	0	0	0	0	0	0	0	0	0	0	0	0	0	0	0	0	0	0	0	0	0	0	0	0	0	0	0	0	0	0	0	0	0	0	0
Day18.Hr8.V6	16429	5412	5223	14306	9682	4022	3355	576	58	1588	7972	832	1683	315	717	749	670	1359	721	1271	1261	991	65	154	133	162	670	81	0	386	190	228	123	386	1470	209	48	35	217	75	282	140	171	53	151	122	0	65	74	45	551	0	0	74	0	0	70	234	0	41	0	0	0	109	45	0	54	0	40	34	29	0	30	0	13	19	0	0	0	0	0	0	0	31	9	16	0	23	0	14	0	0	0	8	33	16	0	0	0	0	5	0	0	0	7	0	7	0	0	0	0	0	0	0	11	0	0	0	10	0	0	0	0	0	0	0	0	0	0	0	0	0	0	0	0	0	0	0	0	0	0	0	0	0	0	0	0	0	0	0	0	0	0	0	0	0	0	0	0	0	0	0	0	0	0	0
Day18.Hr8.V7	34196	11027	29390	17717	27648	9883	2203	1266	9	1865	586	1827	862	750	1001	2228	1176	879	1248	2075	753	1242	34	207	1014	321	565	534	99	1292	287	79	225	315	97	454	78	84	381	334	391	80	606	125	344	250	47	223	206	112	1378	0	124	125	116	0	146	149	0	107	87	0	0	179	39	0	0	0	42	71	52	0	0	133	0	58	0	6	0	65	33	0	89	55	34	24	0	25	0	9	6	40	11	5	42	0	0	0	0	0	9	0	0	0	0	0	20	0	21	11	0	30	0	0	16	0	0	10	0	0	5	14	0	0	0	0	0	0	0	69	0	0	0	0	0	0	0	0	0	0	0	0	0	0	0	0	0	0	0	0	0	0	0	0	0	0	0	0	0	0	0	0	0	0	0	0
Day18.Hr8.V8	6349	1479	7982	12156	8609	1291	941	183	323	662	224	3236	1168	765	368	1010	612	448	787	836	313	284	1076	226	824	122	206	176	166	254	201	48	172	182	0	76	113	424	252	101	137	12	216	302	121	528	103	110	217	130	0	123	148	82	93	0	354	164	0	0	9	0	0	61	17	0	110	0	65	23	0	0	0	0	0	38	0	32	0	77	0	0	0	40	0	0	23	27	0	9	0	0	14	0	0	18	0	0	0	0	8	0	0	0	15	0	0	0	9	0	0	0	0	0	0	0	0	0	0	0	0	0	0	0	0	0	0	0	0	0	0	0	0	0	0	0	0	0	0	0	0	0	0	0	0	0	0	0	0	0	0	0	0	0	0	0	0	0	0	0	0	0	0	0	0	0
Day19.Hr4.V3	21100	4639	11588	4104	14731	8898	5657	4379	17	1530	192	44	949	422	1168	159	1084	2377	583	1538	2135	2188	586	126	83	216	281	1347	1124	406	235	484	66	80	0	618	211	35	127	128	250	1037	185	75	40	43	133	132	61	117	0	0	0	86	135	0	71	0	360	69	112	0	0	105	51	0	0	0	17	66	19	0	108	0	27	0	0	0	0	0	87	249	88	0	26	18	45	0	143	7	41	37	0	24	21	0	0	82	82	70	30	0	0	0	0	11	0	32	0	0	16	0	0	0	0	0	0	22	0	0	7	8	0	0	0	0	0	0	0	0	0	0	0	0	0	0	0	0	0	0	0	0	0	0	0	0	0	0	0	0	0	0	0	0	0	0	0	0	0	0	0	0	0	0	0	0
Day19.Hr4.V4	12396	3500	7115	13323	12666	8100	4175	1743	0	875	5114	665	880	436	682	484	619	1790	573	968	1578	1637	160	133	594	174	101	2008	239	204	131	140	82	816	947	125	125	58	7	147	129	481	320	124	247	172	205	113	36	218	0	0	0	67	0	0	74	156	118	48	13	54	0	56	25	0	236	15	10	29	40	0	58	0	15	48	0	0	0	56	0	116	48	25	17	18	0	18	18	40	8	65	21	20	44	36	0	0	81	44	2	0	0	0	37	45	0	26	10	7	6	0	0	9	0	0	0	0	0	0	0	0	0	0	0	0	0	0	0	0	0	0	0	0	0	0	0	0	0	0	0	0	0	0	0	0	0	0	0	0	0	0	0	0	0	0	0	0	0	0	5	0	0	0	0	0
Day19.Hr4.V5	2885	1109	2473	3370	3065	1233	124	88	0	490	60	217	75	214	116	213	131	67	173	287	58	139	7	40	79	10	82	26	0	133	40	5	49	47	0	31	39	0	107	66	114	10	78	15	41	61	0	50	49	28	0	0	0	36	0	0	27	0	0	0	0	0	0	0	0	0	0	0	18	12	0	0	0	0	0	0	0	0	0	0	0	0	0	0	10	0	0	0	0	0	0	0	0	0	0	0	0	0	0	0	0	0	0	0	0	0	0	0	0	0	0	0	0	0	0	0	0	0	0	0	0	0	0	0	0	0	0	0	0	0	0	0	0	0	0	0	0	0	0	0	0	0	0	0	0	0	0	0	0	0	0	0	0	0	0	0	0	0	0	0	0	0	0	0	0	0
Day19.Hr4.V6	1829	713	781	1002	1981	728	516	667	0	305	60	23	163	22	130	67	119	204	74	127	219	172	60	20	15	21	76	32	58	48	24	10	18	0	0	26	13	0	49	11	0	121	35	13	9	0	0	12	9	12	84	0	0	0	0	0	0	0	0	14	9	0	0	50	5	0	0	0	0	0	0	0	0	0	0	0	0	0	0	0	47	0	0	0	2	0	0	0	11	0	14	0	0	0	0	0	0	0	0	0	0	0	0	0	0	0	0	0	0	0	0	0	0	0	0	0	0	0	0	0	0	0	0	0	0	0	0	0	0	0	0	0	0	0	0	0	0	0	0	0	0	0	0	0	0	0	0	0	0	0	0	0	0	0	0	0	0	0	0	0	0	0	0	0	0	0
Day19.Hr4.V7	4947	2784	11842	1714	5322	2863	1299	380	7	798	194	389	618	292	237	694	455	476	498	1083	412	716	13	63	252	158	428	320	0	200	125	80	123	73	39	74	118	0	302	156	202	56	133	138	77	675	0	81	82	77	368	0	51	45	0	0	79	50	0	0	36	0	0	101	11	0	0	0	0	23	21	0	0	0	0	0	0	0	0	0	14	0	76	17	15	0	0	0	0	0	5	0	0	0	13	27	0	36	0	0	2	0	0	0	0	0	0	0	8	0	0	0	0	0	0	0	0	10	0	0	0	0	0	0	0	0	0	0	0	0	0	0	0	0	0	0	0	0	0	0	8	0	0	0	0	0	0	0	0	0	0	0	0	0	0	0	0	0	0	0	0	0	0	0	0	0
Day19.Hr4.V8	2006	254	1724	1331	5261	530	1069	401	20	300	192	1824	187	178	224	46	214	453	188	468	412	125	5726	246	7	219	27	273	904	261	43	81	20	61	0	206	54	293	238	106	109	56	21	46	22	39	140	87	90	113	0	0	0	0	67	0	20	0	94	77	0	0	0	0	0	0	155	0	23	7	0	0	0	0	0	83	0	0	0	0	18	0	0	0	10	0	33	19	56	7	0	42	15	10	0	46	0	0	114	0	14	0	0	0	44	0	0	0	0	0	6	0	0	0	0	0	0	0	0	11	0	0	0	0	0	0	0	0	0	0	0	0	0	0	0	0	0	0	0	0	0	0	0	0	0	0	0	0	0	0	0	0	0	0	0	0	0	0	0	0	0	0	0	0	0	0
Day19.Hr8.V3	22220	5718	6529	5746	12111	7487	5395	4363	0	1398	198	23	575	321	1351	89	1181	2267	446	1178	2062	1386	552	68	93	207	168	1563	1071	402	168	482	85	70	43	565	69	23	101	91	188	793	176	48	38	7	129	83	30	87	0	0	0	81	128	0	35	0	290	53	46	0	0	81	41	0	0	0	0	67	18	0	84	0	22	0	0	0	0	0	63	214	99	39	15	35	25	0	137	7	45	0	0	20	24	0	0	42	48	24	1	0	0	0	0	19	0	56	9	0	13	0	0	0	0	0	0	17	0	0	0	0	0	0	0	0	0	0	0	0	0	0	0	0	0	0	0	0	0	0	0	0	0	0	0	0	0	0	0	0	0	0	0	0	0	0	0	0	0	0	0	0	0	0	0	0
Day19.Hr8.V4	14931	3444	4780	10733	10916	7232	4796	1650	13	846	5543	820	458	248	554	367	700	1995	526	730	1833	1008	111	132	492	127	88	1877	191	226	80	170	76	982	1048	155	75	48	18	156	160	383	348	86	199	33	167	135	21	112	0	0	0	92	0	0	51	0	52	56	0	0	0	0	18	0	75	23	0	39	38	0	0	0	14	0	0	0	0	0	46	87	0	39	16	80	0	0	20	30	15	46	19	21	66	12	0	0	45	0	2	0	0	0	17	0	6	30	17	7	8	0	0	10	0	0	0	0	0	0	0	11	0	0	0	0	0	0	0	0	0	0	0	0	0	0	0	0	0	0	0	0	0	0	0	0	0	0	0	0	0	0	0	0	0	0	0	0	0	0	0	0	0	0	0	0
Day19.Hr8.V5	13635	9530	15322	6638	14113	2843	3321	728	7	1707	394	710	1726	427	612	714	813	1363	549	755	1241	807	13	103	363	598	1314	261	66	492	66	169	124	114	63	125	59	29	85	129	217	76	329	50	78	107	61	88	96	32	504	0	111	65	59	0	160	0	0	58	27	0	0	91	35	0	0	0	23	68	18	0	0	0	0	0	0	0	0	0	52	0	64	23	17	13	0	0	0	10	13	0	0	15	0	47	0	0	0	0	5	0	0	0	0	0	12	0	13	7	0	20	0	0	11	0	0	10	16	0	0	0	0	0	0	0	0	0	0	0	0	0	0	0	0	0	0	0	0	0	0	0	0	0	0	0	0	0	0	0	0	0	0	0	0	0	0	0	0	0	0	0	0	0	0	0
Day19.Hr8.V6	4928	1025	2372	2875	3015	1820	2161	383	19	1391	3139	286	1220	184	425	506	286	909	403	644	844	531	21	118	78	106	450	45	0	156	93	208	83	124	601	44	0	0	195	43	178	84	67	32	63	145	0	39	24	37	171	0	34	0	0	0	46	0	0	48	0	0	0	81	28	0	0	0	0	21	20	0	0	0	14	0	0	0	0	0	13	0	0	0	0	0	0	0	0	5	0	0	0	0	10	0	0	8	0	0	21	0	0	0	0	0	12	0	0	0	0	0	0	0	0	0	0	0	0	0	0	0	0	0	0	0	0	0	0	0	0	0	0	0	0	0	0	0	0	0	0	0	0	0	0	0	0	0	0	0	0	0	0	0	0	0	0	8	0	0	0	0	0	0	0	2
Day19.Hr8.V7	5874	2503	6050	1409	5280	2476	1086	399	0	1146	170	301	350	190	275	508	289	426	341	652	377	531	0	75	277	135	271	273	0	256	106	36	63	66	38	104	0	0	179	124	218	39	143	31	79	123	0	77	53	48	351	0	45	0	0	0	60	0	0	52	31	0	0	80	0	0	0	0	0	25	0	0	0	0	0	0	0	0	0	0	11	0	64	17	0	0	0	0	0	0	0	0	0	0	17	0	0	31	0	0	3	0	0	0	0	0	9	0	7	0	0	0	0	0	7	0	0	0	0	0	0	0	0	0	0	0	0	0	0	0	0	0	0	0	0	0	0	0	0	0	0	0	0	0	0	0	0	0	0	0	0	0	0	0	0	0	0	0	0	0	0	0	0	0	0	0
Day19.Hr8.V8	2433	473	2600	4780	2083	1028	1109	235	7	910	1846	198	1019	188	154	402	265	507	209	292	485	252	13	32	34	34	318	20	0	83	82	104	35	103	379	0	41	0	246	14	128	73	52	51	38	186	0	33	21	31	91	0	0	22	0	0	41	0	0	0	0	0	0	50	16	0	0	0	0	10	0	0	7	0	0	0	0	0	0	0	0	0	0	0	5	0	0	0	0	7	0	0	0	4	0	23	0	0	0	0	8	0	0	0	0	0	0	0	0	0	0	0	0	0	0	0	0	0	0	0	0	0	0	0	0	0	0	0	0	0	0	0	0	0	0	0	0	0	0	0	0	0	0	0	0	0	0	0	0	0	0	0	0	0	0	0	0	0	0	0	0	0	0	0	0	0
Day2.Hr4.V3	21017	7306	4241	0	0	3378	309	17079	2540	0	477	0	3748	1817	5035	724	1104	136	2189	207	112	8707	289	6980	1523	916	0	0	67	160	89	1288	307	152	104	129	1023	91	0	33	0	142	0	151	0	0	488	0	43	0	0	508	0	0	380	0	0	0	0	0	333	0	169	0	171	0	0	0	0	29	29	0	0	0	85	0	0	0	0	0	0	37	0	7	26	0	59	0	0	0	0	0	0	7	0	0	0	0	0	51	0	68	0	0	0	0	0	0	0	0	0	0	63	0	0	0	0	0	0	23	0	22	0	0	0	0	0	0	0	0	0	0	0	0	0	0	0	0	0	0	0	0	0	0	0	0	0	0	0	0	0	0	0	0	0	0	0	0	0	0	0	0	0	0	0	0
Day2.Hr4.V4	2975	2916	1740	1732	3811	629	271	719	0	520	65	79	159	62	287	187	239	129	193	564	115	317	130	39	178	22	179	42	103	106	45	7	54	21	0	52	45	0	0	72	99	35	29	55	0	7	0	29	38	14	0	0	0	27	0	0	0	0	0	0	26	0	0	0	6	0	0	8	8	0	0	0	0	0	0	0	0	0	0	0	36	0	0	0	0	0	0	0	8	8	24	0	0	0	0	0	0	0	0	0	8	0	0	0	0	0	0	0	0	0	0	0	0	0	0	0	0	0	0	0	0	0	0	0	0	0	0	0	0	0	0	0	0	0	0	0	0	0	0	0	0	0	0	0	0	0	0	0	0	0	0	0	0	0	0	0	0	0	0	0	0	0	0	0	0	0
Day2.Hr4.V5	28723	8105	12378	0	0	3902	410	12726	2740	70	357	20	8941	1530	6394	1629	1569	149	1860	206	144	10369	186	10461	2615	968	194	0	189	528	93	1775	581	237	60	390	1389	157	0	20	0	97	0	219	30	0	790	0	52	0	0	480	0	0	352	2368	0	0	0	0	405	266	490	0	295	0	0	0	0	50	42	0	65	0	145	55	0	0	833	0	42	0	27	12	103	0	43	0	0	0	0	0	0	10	0	0	0	0	0	82	2	0	135	65	0	0	0	45	0	0	0	0	53	27	0	0	73	0	32	49	0	0	0	0	0	0	0	0	0	0	0	0	0	0	0	0	0	0	0	0	0	0	0	0	0	0	0	0	0	0	0	0	0	0	0	0	0	0	0	0	0	0	0	0	0	0
Day2.Hr4.V6	16951	5641	8902	0	0	2942	373	6183	2387	39	403	11	6150	975	3326	1350	1035	166	1044	237	142	2856	151	6330	985	448	192	0	76	214	24	1062	333	117	76	136	1035	81	0	15	0	64	0	132	49	0	421	0	27	0	0	323	0	0	187	0	0	0	0	0	309	259	316	0	133	0	0	160	0	43	17	0	0	0	139	41	0	0	0	0	44	0	0	14	64	0	27	0	0	0	0	0	0	0	0	0	0	0	0	24	0	0	0	30	0	0	0	0	0	0	0	0	67	8	0	0	134	0	21	76	0	0	0	0	0	0	0	0	0	0	0	0	0	0	0	0	0	0	0	0	0	0	0	0	0	0	0	12	0	0	0	0	0	0	0	0	0	0	0	0	0	0	0	0	0	0
Day2.Hr4.V7	2959	2269	1819	2334	4470	1063	288	749	0	568	61	113	125	98	235	150	192	132	159	419	96	302	85	19	224	14	202	68	120	127	71	3	40	26	0	34	0	0	0	77	122	34	19	36	0	11	0	46	41	46	0	0	0	0	0	0	0	0	0	37	16	0	0	0	10	0	0	0	0	10	0	0	29	0	0	0	0	0	0	0	0	0	0	0	0	0	0	0	21	0	20	0	0	0	0	0	0	0	0	0	15	0	0	6	0	0	7	0	0	0	0	0	0	0	0	0	0	0	0	0	0	0	0	0	0	0	0	0	0	0	0	0	0	0	0	0	0	0	0	0	0	0	0	0	0	0	0	0	0	0	0	0	0	0	0	0	0	0	0	0	0	0	0	0	0	0
Day2.Hr4.V8	14860	5094	6638	5	6	1900	215	8748	2201	29	142	7	5792	835	4078	412	1003	82	1038	146	67	5166	244	5382	1162	652	76	0	131	299	36	853	388	114	0	230	1461	84	0	13	0	48	0	152	13	0	442	0	32	0	0	445	0	0	167	836	0	0	0	0	225	73	460	0	197	0	0	0	0	33	23	0	32	0	79	48	0	0	233	0	32	0	0	0	70	0	32	0	0	0	27	0	0	5	0	0	0	0	0	53	0	0	0	0	0	0	0	16	0	0	0	0	27	0	0	0	31	0	9	0	0	0	0	0	0	0	0	0	0	0	0	0	0	0	0	0	0	0	0	0	0	0	0	0	0	0	0	0	0	0	0	0	0	0	0	0	0	0	0	0	0	0	0	0	0	0
Day20.Hr4.V3	3582	2198	847	1931	4655	1621	572	1011	0	396	25	0	79	172	188	0	191	228	131	189	208	295	362	0	24	26	70	367	142	59	60	110	36	40	0	90	15	0	80	107	121	64	15	14	5	15	30	43	24	44	0	0	0	48	0	0	9	0	189	0	10	0	0	54	8	0	0	0	0	0	0	0	0	0	0	19	0	0	0	0	0	0	0	0	10	0	13	0	50	0	0	0	0	5	0	0	0	0	45	0	0	0	0	0	0	0	0	0	0	0	0	0	0	0	0	0	0	0	0	8	0	0	0	0	0	0	0	0	0	0	0	0	0	0	0	0	0	0	0	0	0	0	0	0	0	0	0	0	0	0	0	0	0	0	0	0	0	0	0	0	0	0	0	0	0	0
Day20.Hr4.V4	11459	11425	3528	8373	4763	9572	1492	1097	15741	1277	693	1085	437	797	451	571	839	695	653	514	567	363	1238	226	376	6031	241	414	321	416	2572	217	171	192	120	197	77	111	81	170	144	174	229	82	74	62	81	65	37	129	0	0	55	96	64	0	46	136	16	60	25	0	27	0	22	0	0	22	17	36	28	0	30	0	24	0	0	16	0	0	21	0	0	0	19	31	29	0	0	18	26	35	40	92	0	48	31	0	19	15	15	0	0	91	0	0	0	0	4	12	15	0	0	10	0	0	0	0	19	0	5	0	0	0	0	0	0	0	0	0	0	9	0	0	0	0	0	0	0	0	0	0	0	0	0	0	0	0	0	0	0	0	0	0	0	0	0	0	0	0	0	0	0	0	0	0
Day20.Hr4.V5	7285	4184	34563	6891	13265	1596	2025	264	0	914	171	3128	1764	450	355	1391	1072	845	1520	1300	675	264	141	236	273	105	703	218	111	295	140	102	103	190	35	83	199	95	268	111	223	50	359	107	68	62	90	142	242	67	252	0	134	66	0	0	372	0	0	60	16	0	0	96	23	0	69	0	71	20	51	0	37	0	0	0	0	6	0	113	0	0	0	31	0	0	5	15	0	18	6	0	0	13	0	17	12	20	0	0	5	0	0	0	9	0	9	0	14	12	0	18	0	0	10	0	0	0	0	0	0	0	0	0	0	0	0	0	0	0	0	0	0	0	0	0	0	0	0	0	0	0	0	0	0	0	0	0	0	0	0	0	0	0	0	0	0	0	0	0	0	0	0	0	0	0
Day20.Hr4.V6	14769	6792	45143	19169	11815	3585	5929	791	58	5532	9276	7705	3253	1236	1014	5383	3340	2519	3258	762	2345	291	860	452	119	242	1584	239	84	616	512	773	168	1065	1698	102	312	175	717	69	411	147	338	775	211	127	0	162	444	126	959	8	414	131	0	0	310	310	0	92	9	131	0	163	128	0	221	0	94	57	115	36	0	482	7	0	0	0	0	159	0	39	0	129	43	24	8	172	0	43	0	46	15	53	57	38	16	0	0	19	28	0	0	0	40	0	12	0	19	0	0	18	0	0	12	0	0	0	0	0	0	17	0	0	0	0	0	0	84	0	0	0	0	0	0	0	0	0	0	0	0	0	0	0	0	7	0	0	0	0	0	0	0	0	0	0	0	0	0	0	0	0	0	0	0	0
Day20.Hr4.V7	9990	7705	39940	6168	12477	1579	2215	708	0	700	345	3063	651	587	451	3003	1913	776	1690	816	713	261	162	224	287	131	760	765	135	485	159	162	95	228	50	130	176	110	433	140	226	53	385	185	82	72	0	144	205	74	273	0	132	74	0	0	149	103	0	70	70	0	0	98	10	0	50	0	67	23	64	0	30	266	0	0	0	25	0	92	0	0	81	63	18	19	0	54	0	4	0	0	9	15	18	10	10	72	0	0	13	0	0	0	18	0	0	0	13	0	0	25	0	0	6	0	0	0	0	0	0	0	0	0	0	0	0	0	0	0	0	0	0	0	0	0	0	0	0	0	0	0	0	0	0	0	0	0	0	0	0	0	0	0	0	0	0	0	0	0	0	0	0	0	0	0
Day20.Hr4.V8	3973	3859	1666	1245	41	3558	759	606	67	195	27	9	237	372	151	408	146	336	188	680	294	490	78	125	448	122	135	46	52	22	14	29	31	50	0	0	19	0	0	69	0	61	33	19	74	0	0	44	11	0	0	0	0	17	0	0	0	0	0	0	7	65	0	0	0	0	0	0	0	0	0	0	0	0	17	0	0	24	0	0	0	0	0	0	0	20	0	0	0	49	0	0	0	0	0	0	0	15	0	0	0	0	0	0	0	0	5	0	0	0	11	0	0	0	0	0	0	0	0	0	0	0	0	0	13	0	0	0	0	0	0	0	0	0	0	0	0	0	0	0	0	0	0	0	0	0	0	0	0	0	0	0	0	0	0	0	0	0	0	0	0	0	0	0	0	0
Day20.Hr8.V3	3730	2441	470	3422	1381	1139	423	392	11	215	16	78	61	146	83	68	100	171	136	108	150	131	167	43	111	15	25	113	66	76	11	7	0	48	0	63	0	0	0	52	20	71	50	8	0	10	0	14	0	39	0	0	0	0	0	0	0	0	0	27	0	0	0	0	0	0	0	0	0	0	0	0	13	0	0	0	0	0	0	0	0	0	0	0	0	0	0	0	0	7	6	0	0	0	0	0	9	0	0	0	0	0	0	0	0	0	0	0	0	0	0	0	0	0	0	0	0	0	0	0	0	0	0	0	0	0	0	0	0	0	0	6	0	0	0	0	0	0	0	0	0	0	0	0	0	0	0	0	0	0	0	0	0	0	0	0	0	0	0	0	0	0	0	0	0	0
Day20.Hr8.V4	2153	302	2367	1960	4600	924	792	457	0	418	86	267	207	269	139	17	154	359	211	474	325	243	537	94	9	38	41	143	736	171	126	26	0	32	0	140	41	368	357	36	80	132	60	44	0	0	72	35	65	133	0	0	0	39	0	0	16	0	76	0	11	0	0	0	0	0	0	0	43	14	0	0	0	0	0	38	0	0	0	0	11	0	0	0	7	0	13	27	36	4	0	0	0	11	0	0	0	0	25	0	0	0	0	0	0	0	0	0	0	0	0	0	0	0	0	0	0	0	0	0	0	0	0	0	0	0	0	0	0	0	0	0	0	0	0	0	0	0	0	0	0	0	0	0	0	0	0	0	0	0	0	0	0	0	0	0	0	0	0	0	0	0	0	0	0	0
Day20.Hr8.V5	5538	4527	2945	4271	737	3507	1061	820	31	346	34	57	139	351	290	900	272	447	306	1099	462	904	200	50	431	67	6	331	274	61	31	52	46	31	0	96	39	0	0	128	25	101	55	44	91	41	0	33	34	0	0	0	0	43	0	0	0	0	0	0	0	0	0	0	0	0	0	0	0	15	0	0	0	0	0	0	0	34	0	0	0	0	0	0	0	24	0	0	0	12	0	0	0	0	0	0	21	0	0	0	17	0	0	0	0	0	0	0	0	0	13	0	0	0	0	0	0	6	0	0	5	0	0	0	0	0	0	0	0	0	0	0	0	0	0	0	0	0	0	0	0	0	0	0	0	0	0	0	0	0	0	0	0	0	0	0	0	0	0	0	0	0	0	0	0	0
Day20.Hr8.V6	3336	130	614	4342	2165	273	274	22	0	864	1411	1398	136	402	84	246	116	135	205	129	127	79	675	30	39	0	61	34	59	166	136	43	27	92	322	0	0	109	190	33	120	11	68	83	91	44	0	45	48	69	0	0	87	0	0	0	56	0	0	37	0	0	0	0	0	0	18	0	12	5	0	0	0	0	0	0	0	0	0	0	0	0	0	0	14	0	0	0	0	0	0	0	0	0	0	0	0	0	0	0	0	0	0	0	0	0	0	0	0	0	0	0	0	0	3	0	0	0	0	0	0	0	0	0	0	0	0	0	0	0	0	0	0	0	0	0	0	0	0	0	0	0	0	0	0	0	0	0	0	0	0	0	0	0	0	0	0	0	0	0	0	0	0	0	0	0
Day20.Hr8.V7	4075	2724	11920	1685	5295	1961	1397	254	0	597	255	888	335	288	298	686	409	501	605	581	445	162	99	85	249	124	348	373	47	167	80	81	136	121	0	60	0	45	226	77	144	28	109	69	93	102	0	54	62	42	238	0	56	0	0	0	70	0	0	58	65	0	0	0	0	0	0	0	0	20	17	0	0	0	0	0	0	12	0	0	0	0	53	13	13	0	0	0	0	0	0	0	0	0	13	0	0	40	0	0	3	0	0	0	0	0	0	0	8	0	0	0	0	0	0	0	0	8	0	0	0	0	0	0	0	0	0	0	0	0	0	0	0	0	0	0	0	0	0	0	0	0	0	0	0	0	0	0	0	0	0	0	0	0	0	0	0	0	0	0	0	0	0	0	0	0
Day20.Hr8.V8	12197	10369	36159	4266	20784	5191	5274	4961	0	1072	271	941	1368	207	1413	1028	1398	2229	1056	934	2057	763	212	235	94	121	714	401	1315	451	266	173	130	167	59	410	107	146	734	131	379	580	236	166	89	13	43	97	87	76	443	0	58	80	59	0	0	63	251	68	210	0	0	165	44	0	0	6	32	33	0	0	120	0	24	0	0	17	0	78	91	162	0	25	23	22	0	0	105	14	94	0	0	14	34	0	0	40	0	16	4	0	0	8	0	19	17	19	22	14	0	0	0	12	0	0	0	25	0	0	0	0	0	0	0	0	0	19	0	0	0	0	0	0	0	0	0	0	0	0	0	0	0	0	0	0	0	0	0	0	0	0	0	0	0	0	0	0	0	0	0	0	0	0	0	0
Day21.Hr4.V3	15027	2792	18613	10435	21289	4844	3879	2050	10	1170	383	1090	762	787	716	481	1039	1662	1645	839	1366	292	4055	992	44	72	249	709	3624	729	399	143	60	121	65	1073	414	1391	713	139	238	360	240	212	57	24	423	106	260	242	0	0	122	93	300	0	106	0	161	64	27	0	0	132	15	0	113	0	246	48	94	0	33	0	0	69	346	0	0	0	32	88	44	126	0	18	56	95	168	18	32	74	17	15	26	17	0	0	116	18	8	0	90	0	23	0	0	0	15	10	8	22	0	0	8	0	0	36	0	0	5	0	325	0	0	262	0	0	37	0	0	0	0	0	0	0	0	0	0	0	0	0	0	0	0	0	0	0	0	0	8	0	0	0	0	0	0	0	0	0	0	0	0	0	0	0
Day21.Hr4.V4	3480	695	699	248	163	1705	440	875	236	69	47	37	580	738	331	502	116	225	131	321	201	70	151	214	377	48	29	0	43	34	14	64	30	30	0	0	61	0	15	25	0	11	0	15	9	0	0	0	4	0	0	16	0	0	47	0	0	0	6	0	0	65	0	7	15	0	0	0	0	0	0	0	0	0	17	0	0	0	0	0	0	0	0	0	24	0	0	0	0	5	0	6	0	0	0	0	0	0	0	0	3	0	0	0	0	0	0	0	0	0	0	0	0	0	0	0	0	0	0	0	0	0	0	0	0	0	0	0	0	0	0	0	0	0	0	0	0	0	0	0	0	0	0	0	0	0	0	0	0	0	0	0	0	0	0	0	0	0	0	0	0	0	0	0	0	0
Day21.Hr4.V5	9043	3869	27300	4024	11051	1669	3483	187	31	1483	239	4762	1466	621	476	2166	1132	1415	1817	3586	1401	282	504	530	997	67	615	398	200	330	200	334	381	298	43	99	171	500	268	104	212	19	217	453	183	229	148	117	228	89	134	0	309	102	89	0	351	0	0	81	14	0	0	109	23	0	56	9	123	26	37	110	30	175	8	0	0	23	0	166	0	0	0	44	18	0	0	45	0	26	0	0	19	9	24	7	14	0	0	0	10	0	0	6	8	0	17	0	24	17	0	0	0	0	0	0	0	9	0	0	0	0	0	0	0	0	0	0	0	0	0	0	0	0	0	0	0	0	0	0	0	0	0	0	0	0	0	0	0	0	0	0	0	0	0	0	0	0	0	0	0	0	0	0	0	0
Day21.Hr4.V6	2827	1124	3046	3060	62	1235	348	133	82	887	19	180	47	922	61	452	145	156	384	250	147	51	7	0	183	20	170	10	0	157	19	133	411	44	0	0	0	23	9	73	0	9	0	17	67	88	0	43	44	0	0	0	37	0	0	0	0	0	0	29	0	0	25	17	0	0	0	66	0	15	18	0	0	0	0	0	0	34	0	0	0	0	0	0	0	0	0	0	0	0	0	0	0	0	0	0	0	0	0	0	0	0	0	0	0	0	0	0	0	0	0	0	0	0	0	0	0	0	11	3	0	0	0	0	0	0	0	0	0	0	0	0	0	0	0	0	0	0	0	41	0	0	0	0	0	0	0	0	0	0	0	0	0	0	0	0	0	0	0	0	0	0	0	0	0	0
Day21.Hr4.V7	4052	674	3818	4948	3218	732	204	183	28	611	190	774	239	517	216	468	214	102	247	77	75	36	526	127	52	14	228	74	477	245	84	32	42	107	37	110	48	210	300	104	106	24	51	31	96	26	0	57	83	79	0	0	51	0	0	0	0	0	314	34	15	0	0	0	0	0	0	8	25	13	0	0	0	0	0	0	0	101	0	0	0	0	0	0	4	0	0	0	6	0	0	0	0	0	0	0	0	16	0	0	9	0	0	0	0	0	0	0	0	5	0	0	0	0	0	0	0	0	0	0	0	0	0	0	0	0	0	0	0	0	0	0	0	0	0	0	0	0	0	0	0	0	0	0	0	0	0	0	0	0	0	0	0	0	0	0	0	0	8	0	0	0	0	0	0	0
Day21.Hr4.V8	10687	7586	21841	7035	15259	1349	1979	1734	0	615	266	3052	1585	393	786	1425	1346	843	1205	633	775	366	2625	632	30	86	583	484	2444	552	131	82	150	210	43	705	257	843	523	133	177	181	202	305	94	73	0	130	225	79	126	0	367	44	108	0	0	0	176	45	131	0	0	67	23	0	0	0	85	21	36	0	69	0	12	0	233	49	0	0	61	40	0	91	0	0	0	40	60	0	41	0	0	50	23	19	11	25	0	25	11	0	0	0	0	0	0	0	17	0	0	0	0	5	14	0	0	22	0	0	5	0	0	0	0	0	0	22	0	0	0	0	0	0	0	0	0	0	0	0	0	0	7	0	0	0	0	0	0	0	0	0	0	0	0	0	0	0	0	0	0	0	0	0	0	0
Day21.Hr8.V3	3678	7306	2722	3213	2847	2149	471	97	0	1645	50	184	55	47	178	435	221	204	240	258	183	99	27	24	115	30	287	51	0	144	42	4	63	71	0	32	37	0	124	127	133	12	40	14	32	132	0	73	46	32	0	0	0	0	0	0	8	0	0	69	33	0	0	46	0	0	0	0	20	0	0	0	0	0	0	0	0	0	0	0	0	0	0	0	0	0	0	0	0	11	0	0	0	0	13	0	13	14	0	0	7	0	0	0	0	0	9	0	0	0	0	0	0	0	0	0	0	0	0	0	0	0	0	0	0	0	0	0	0	0	0	0	0	0	0	0	0	0	0	0	0	0	0	0	0	0	0	0	0	0	0	0	0	0	0	0	0	0	0	0	0	0	0	0	0	0
Day21.Hr8.V4	3430	1555	4826	1239	5008	1496	2692	573	0	572	1319	1976	379	174	474	183	356	1134	752	185	1042	218	144	83	434	57	62	1241	327	98	53	64	76	211	278	97	0	267	16	127	104	205	129	34	41	22	137	69	20	75	0	0	26	0	0	0	55	0	100	38	0	0	0	0	6	0	142	0	0	0	14	0	47	0	14	0	0	0	0	0	0	40	0	0	9	13	0	0	9	15	9	0	0	14	19	19	0	42	24	19	7	0	0	0	16	73	0	0	9	0	0	0	0	7	0	0	0	0	0	0	0	0	0	0	0	0	0	0	0	0	0	0	0	0	0	0	0	0	0	0	13	0	0	0	0	0	0	0	0	0	0	0	0	0	0	0	0	0	0	0	0	0	0	0	0	0
Day21.Hr8.V5	7670	3762	20495	4070	11936	1354	2188	179	0	820	154	3524	843	395	353	1002	858	920	811	1457	791	166	46	153	532	26	585	309	155	224	122	109	89	199	28	79	72	168	260	56	187	16	282	105	89	23	64	90	124	56	169	0	94	72	0	0	197	0	0	67	0	0	0	67	25	0	0	0	66	29	0	0	23	65	0	0	0	8	0	57	0	0	0	23	0	0	4	0	0	17	4	0	0	9	0	37	0	0	0	0	6	0	0	0	0	0	0	0	9	0	0	0	0	0	7	0	0	0	0	0	5	0	0	0	0	0	0	0	0	0	0	0	0	0	0	0	0	0	0	0	0	0	0	0	0	0	0	0	0	0	0	0	0	0	0	0	0	0	0	0	0	0	0	0	0	0
Day21.Hr8.V6	1270	1875	914	1069	1542	1171	225	425	0	486	57	38	54	69	151	129	78	97	98	394	91	218	81	15	168	9	133	38	60	49	25	0	24	16	0	0	9	0	5	35	33	11	0	31	0	17	0	30	21	23	0	0	0	0	0	0	0	0	0	30	12	0	0	0	0	0	0	0	0	0	0	0	0	0	0	0	0	0	0	0	15	0	0	0	9	0	0	0	0	0	6	0	0	0	0	0	0	10	0	0	0	0	0	0	0	0	0	0	0	0	0	0	0	0	0	0	0	0	0	0	0	0	0	0	0	0	0	0	0	0	0	0	0	0	0	0	0	0	0	0	0	0	0	0	0	0	0	0	0	0	0	0	0	0	0	0	0	0	0	0	0	0	0	0	0	0
Day21.Hr8.V7	2065	1003	6085	377	3226	638	478	127	0	336	68	678	148	147	198	435	227	176	385	444	187	125	16	73	134	31	174	237	42	99	52	36	53	86	0	34	39	123	159	54	82	11	91	56	45	19	0	56	34	32	0	0	0	58	0	0	42	0	0	0	23	0	0	0	5	0	0	0	0	0	0	0	0	0	0	0	0	28	0	0	0	0	0	12	0	0	0	0	0	0	0	0	0	0	0	0	0	13	0	0	7	0	0	0	0	0	0	0	0	0	0	0	0	0	0	0	0	0	0	0	0	0	0	0	0	0	0	0	0	0	0	0	0	0	0	0	0	0	0	0	0	0	0	0	0	0	0	0	0	0	0	0	0	0	0	0	0	0	0	0	0	0	0	0	0	0
Day21.Hr8.V8	1420	49	202	1373	2724	333	779	441	0	212	230	1521	824	136	293	87	144	355	200	401	336	267	871	83	285	491	170	473	364	101	28	31	21	89	0	0	25	338	38	90	57	268	36	44	14	0	227	38	6	154	0	0	0	0	0	0	32	0	21	22	0	0	0	0	0	0	616	0	13	22	0	0	0	0	10	0	0	0	0	0	27	0	0	0	0	0	26	0	6	0	10	0	43	13	0	54	0	44	16	18	12	0	0	0	36	12	0	0	0	0	0	0	0	12	0	0	0	0	0	0	0	0	0	0	18	0	0	0	0	0	0	0	0	0	0	0	0	0	0	0	0	0	0	0	0	0	0	0	0	0	0	0	0	0	0	0	0	0	0	0	0	0	0	0	0	0
Day22.Hr4.V3	9914	1541	14377	8448	19483	2616	3902	2238	33	935	389	2137	731	859	628	92	714	1726	603	1741	1486	204	10506	826	21	538	125	784	3256	868	239	154	81	174	77	928	322	1481	957	145	195	248	145	204	48	37	613	167	320	367	0	0	157	48	128	0	107	0	250	68	43	0	0	74	10	0	260	0	151	33	75	0	29	0	7	172	393	0	0	0	18	62	66	74	12	0	51	94	110	10	29	122	51	25	18	109	0	52	228	38	1	0	122	0	76	17	0	0	0	0	0	16	0	0	10	0	0	16	0	0	0	0	0	0	0	0	0	0	0	0	0	0	0	0	0	0	0	0	0	0	0	0	0	0	0	0	0	0	0	0	0	0	0	0	0	0	0	0	0	0	0	0	0	0	0	0
Day22.Hr4.V4	1161	107	769	1144	2189	309	453	266	0	262	134	387	136	175	80	14	85	209	64	427	163	194	529	0	10	56	20	78	567	121	64	20	0	27	0	64	13	143	242	35	60	84	25	21	0	0	52	20	39	133	0	0	0	0	0	0	35	0	83	16	6	0	0	0	0	0	0	0	0	0	0	0	0	0	0	63	0	0	0	0	0	0	0	0	0	0	10	0	17	0	0	0	0	0	0	0	0	0	18	0	3	0	0	0	0	0	0	0	0	0	0	0	0	0	0	0	0	0	0	0	0	0	0	0	0	0	0	0	0	0	0	0	0	0	0	0	0	0	0	0	0	0	0	0	0	0	0	0	0	0	0	0	0	0	0	0	0	0	0	0	0	0	0	0	0	0
Day22.Hr4.V5	2687	1136	788	1838	2939	1580	440	705	0	423	200	113	259	65	202	65	108	223	110	573	180	421	191	25	80	28	118	45	101	90	34	23	30	24	0	36	25	18	22	56	62	127	92	29	33	10	0	37	18	26	114	0	0	30	0	0	8	0	0	0	15	0	0	0	8	0	0	0	0	9	0	0	0	0	6	0	0	0	0	0	28	0	0	0	0	0	0	0	19	0	10	0	0	2	0	0	0	0	0	0	8	0	0	0	0	0	0	0	0	0	0	0	0	0	0	0	0	0	0	0	0	0	0	0	0	0	0	0	0	0	0	0	0	0	0	0	0	0	0	0	0	0	0	0	0	0	0	0	0	0	0	0	0	0	0	0	0	0	0	0	0	0	0	0	0	0
Day22.Hr4.V6	6033	5589	2963	4644	1705	3756	1325	939	47	914	105	299	230	536	390	932	324	591	387	730	486	884	555	87	244	121	30	565	337	106	58	50	42	48	0	112	40	60	11	180	42	137	81	41	87	69	49	60	38	23	109	0	0	0	0	0	5	81	0	64	11	0	0	0	11	0	0	0	0	11	13	0	15	0	13	0	0	21	0	0	0	34	0	0	0	11	0	0	0	26	10	0	0	0	0	42	28	20	0	0	9	0	0	0	0	14	0	0	0	0	12	0	0	0	0	0	0	0	0	0	0	0	0	0	0	0	0	0	0	0	0	0	0	0	0	0	0	0	0	0	0	0	0	0	0	0	0	0	0	0	0	0	0	0	0	0	0	0	0	0	0	0	0	0	0	0
Day22.Hr4.V7	3027	4757	964	5039	420	1477	234	122	19	920	2324	245	578	49	58	156	162	100	186	179	107	277	36	18	46	32	217	14	0	115	47	8	61	69	473	0	0	0	140	64	67	44	35	22	40	46	0	25	36	10	0	0	43	0	0	0	10	0	0	43	0	0	0	44	8	0	0	0	52	0	0	0	0	0	0	0	0	0	0	0	0	0	0	0	0	0	0	0	0	0	0	0	0	0	0	0	0	0	0	0	4	0	0	0	0	0	0	0	0	0	0	0	0	0	0	0	0	0	0	0	0	0	0	0	0	0	0	0	0	0	0	0	0	0	0	0	0	0	0	0	0	0	0	0	0	0	0	0	0	0	0	0	0	0	0	0	0	0	0	0	0	0	0	0	0	0
Day22.Hr4.V8	14915	6973	21609	13937	20004	1201	1024	882	0	795	483	3945	1175	1115	861	2273	1094	433	914	64	382	30	3972	842	33	37	744	383	2499	697	181	71	169	352	83	797	371	973	698	194	164	108	259	278	281	338	90	194	413	117	160	0	464	72	124	0	15	0	581	63	91	0	0	75	14	0	0	0	157	29	71	0	32	96	13	0	221	159	0	80	34	0	0	68	0	0	0	85	54	9	29	43	0	9	40	0	0	17	0	22	15	0	0	5	0	0	0	0	13	12	8	14	0	6	12	0	0	29	0	0	0	0	0	0	0	0	0	93	0	0	0	0	0	0	0	0	0	0	0	0	0	0	5	0	0	0	0	0	0	0	0	0	0	0	0	0	0	0	0	0	0	5	0	0	0	0
Day22.Hr8.V3	1627	617	2513	2153	1860	1383	668	263	0	392	803	560	167	123	138	82	108	301	190	140	250	378	47	0	162	0	14	229	139	48	52	23	26	102	152	0	0	53	13	66	50	207	79	21	45	16	33	28	8	52	0	0	0	18	0	0	14	0	62	0	0	0	0	0	0	0	57	0	0	5	0	0	16	0	6	31	0	0	0	0	0	0	0	0	0	0	0	0	0	0	6	0	0	4	0	0	0	0	21	0	0	0	0	0	24	21	0	0	0	0	0	0	0	0	0	0	0	0	0	0	0	0	0	0	0	0	0	0	0	0	0	0	0	0	0	0	0	0	0	0	0	0	0	0	0	0	0	0	0	0	0	0	0	0	0	0	0	0	0	0	0	0	0	0	0	0
Day22.Hr8.V4	4897	1022	2616	4057	6432	1145	2908	960	0	329	1332	2789	584	178	456	119	471	1232	413	128	1100	79	410	132	497	85	129	1652	391	125	35	95	47	186	247	128	64	678	23	114	77	233	126	49	49	0	241	65	25	95	0	0	0	40	44	0	67	0	107	0	8	0	0	0	11	0	380	0	0	21	22	0	0	0	19	0	194	0	0	0	21	57	0	0	10	0	0	16	9	0	14	0	25	25	20	56	0	0	31	23	11	0	0	0	41	71	0	0	9	0	0	0	0	13	0	0	0	0	0	0	0	0	0	0	9	0	10	0	0	0	0	0	0	0	0	0	0	0	0	0	0	0	0	0	0	0	0	0	0	0	0	0	0	0	0	0	0	0	0	0	0	0	0	0	0	0
Day22.Hr8.V5	2124	1059	1860	2835	2476	705	113	85	0	812	63	183	41	141	130	162	111	0	124	69	42	30	28	30	61	11	73	26	50	122	42	0	26	43	0	0	0	0	71	51	88	11	55	10	30	22	0	43	38	30	0	0	0	17	0	0	17	0	15	0	0	0	0	0	5	0	0	0	18	0	16	0	0	0	0	11	0	0	0	0	0	0	0	0	0	0	0	0	0	0	0	0	0	0	0	0	0	0	0	0	0	0	0	0	0	0	0	0	0	0	0	0	0	0	0	0	0	0	0	0	0	0	0	0	0	0	0	0	0	0	0	0	0	0	0	0	0	0	0	0	0	0	0	0	0	0	0	0	0	0	0	0	0	0	0	0	0	0	0	0	0	0	0	0	0	0
Day22.Hr8.V6	3273	1414	2987	1262	5	1390	526	181	49	660	0	120	37	611	119	330	136	214	266	358	178	79	0	48	266	21	133	8	0	90	11	185	201	39	0	38	44	0	0	88	0	0	0	11	77	43	0	19	28	0	0	0	0	35	0	0	0	0	0	0	9	0	66	0	0	0	0	142	0	12	0	0	0	0	0	0	0	26	0	0	0	0	0	4	0	0	0	0	0	7	0	0	0	0	0	0	0	0	0	0	4	0	0	0	0	0	0	0	0	0	0	0	0	0	0	0	0	0	0	0	5	0	0	0	0	0	0	0	0	0	0	0	0	0	0	0	0	0	0	0	0	0	0	0	0	0	0	0	0	0	0	0	0	0	0	0	0	0	0	0	0	0	0	0	0	0
Day22.Hr8.V7	15045	2974	22763	13539	21397	1914	1030	383	0	1339	382	3887	470	1506	533	1708	989	430	957	1494	355	215	264	115	459	58	987	749	451	719	290	119	164	276	75	312	82	598	1124	235	257	36	483	166	209	35	0	186	160	262	158	0	81	120	71	0	268	161	0	105	30	0	0	107	18	0	36	0	45	33	28	0	19	97	7	0	0	184	0	64	0	0	0	51	26	0	7	48	0	12	6	85	0	5	19	15	8	0	0	0	9	0	0	0	11	0	0	0	14	0	0	21	0	0	10	25	0	11	0	0	16	0	0	0	0	0	0	0	0	63	0	0	22	0	0	0	0	0	0	0	0	0	0	0	0	0	0	0	0	0	0	0	0	0	0	0	0	0	0	0	0	0	0	0	0	0
Day22.Hr8.V8	12811	4244	19451	11375	20709	1238	879	1026	0	736	376	2566	1113	692	691	1118	705	414	626	146	352	39	1248	357	26	12	747	337	2239	557	171	63	109	244	56	682	115	867	789	165	174	159	206	118	205	66	0	121	184	130	112	0	126	0	77	0	6	0	436	104	102	0	0	77	22	0	0	0	58	28	34	0	27	0	12	0	245	135	0	54	23	0	0	22	16	0	0	50	49	11	42	0	0	19	30	0	8	23	0	0	5	0	0	0	0	0	0	0	0	8	0	0	0	0	17	0	0	12	0	0	0	0	0	0	0	0	0	51	0	0	0	0	0	0	0	0	0	0	0	0	0	0	0	0	0	0	0	0	0	0	0	0	0	0	0	0	0	0	0	0	0	0	0	0	0	0
Day23.Hr4.V3	2304	1047	1927	1529	2924	1456	812	741	0	334	81	50	209	34	181	150	165	331	141	252	302	246	82	34	30	22	103	64	93	57	35	36	24	21	0	37	32	0	141	23	94	133	32	16	14	5	0	0	24	29	133	0	0	0	0	0	0	0	15	19	18	0	0	0	8	0	0	0	0	0	0	0	0	0	5	0	0	0	0	0	39	0	0	0	0	0	0	0	16	0	0	0	0	3	0	0	0	0	0	0	0	0	0	0	0	0	0	0	0	0	0	0	0	0	0	0	0	0	0	10	0	0	0	0	0	0	0	0	0	0	0	0	0	0	0	0	0	0	0	0	0	0	0	0	0	0	0	0	0	0	0	0	0	0	0	0	0	0	0	0	0	0	0	0	0	0
Day23.Hr4.V4	2279	1583	1928	2262	2139	879	232	68	0	445	52	173	487	110	97	100	99	105	114	451	101	310	4	0	75	62	192	19	0	117	34	10	35	22	0	0	0	0	0	41	77	11	74	13	37	38	0	26	36	14	85	0	25	0	0	0	41	0	0	26	0	0	0	0	5	0	0	0	0	10	0	0	0	0	0	20	0	0	0	0	0	0	0	0	0	0	0	0	0	0	0	0	0	0	0	0	0	0	0	0	3	0	0	0	0	0	0	0	0	0	0	0	0	0	0	0	0	0	0	0	0	0	0	0	0	0	0	0	0	0	0	0	0	0	0	0	0	0	0	0	0	0	0	0	0	0	0	0	0	0	0	0	0	0	0	0	0	0	0	0	0	0	0	0	0	0
Day23.Hr4.V5	12783	3500	7999	6167	12064	666	1798	149	17	326	465	5475	880	421	226	1406	992	700	1021	1154	667	123	2457	286	1364	0	148	493	372	580	143	73	147	220	88	326	104	866	50	89	115	0	161	190	131	526	163	140	156	120	0	0	331	89	183	0	242	0	0	62	0	85	0	56	13	0	174	0	64	17	24	0	0	91	0	32	232	80	0	148	0	0	0	42	9	0	7	65	0	10	0	0	27	0	0	0	0	0	0	0	13	0	0	0	0	19	11	0	0	0	0	14	0	0	0	0	0	7	0	0	0	0	0	0	0	0	0	0	25	0	0	0	0	0	0	0	0	0	0	0	0	0	0	0	0	0	0	0	0	0	0	0	0	0	0	0	0	0	0	0	0	0	0	0	0	0
Day23.Hr4.V6	10446	402	1397	3637	5643	630	1222	78	30	1981	3547	4534	559	519	284	1504	496	558	1308	482	489	156	5507	240	193	123	123	129	92	298	242	301	125	294	658	114	117	282	166	70	164	18	125	366	210	253	0	98	184	109	0	0	348	55	76	0	163	0	0	46	0	0	0	66	13	0	0	0	30	15	27	0	0	0	6	0	0	0	0	0	0	0	0	48	12	0	0	52	0	11	0	30	38	5	17	35	0	0	0	0	12	0	0	0	0	0	9	0	0	0	0	0	0	0	0	0	0	0	0	0	5	0	0	0	0	0	10	0	0	0	0	0	0	0	0	0	0	0	0	0	0	0	0	0	0	10	0	0	0	0	0	0	0	0	0	0	0	0	0	0	0	0	0	0	0	0
Day23.Hr4.V7	1412	2956	1753	2267	1327	599	135	50	68	405	30	109	15	40	72	84	150	78	111	59	62	55	0	0	34	13	44	17	0	56	17	0	16	18	0	0	37	0	8	42	34	6	0	11	10	26	0	35	10	11	0	0	0	0	0	0	0	0	0	15	0	0	0	0	0	0	0	0	0	0	0	0	0	0	0	0	0	0	0	0	0	0	0	0	0	0	0	0	0	0	0	0	0	0	0	0	0	0	0	0	0	0	0	0	0	0	0	0	0	0	0	0	0	0	0	0	0	0	0	0	0	0	0	0	0	0	0	0	0	0	0	0	0	0	0	0	0	0	0	0	0	0	0	0	0	0	0	0	0	0	0	0	0	0	0	0	0	0	0	0	0	0	0	0	0	0
Day23.Hr4.V8	11535	1375	9544	7679	12220	606	342	233	0	606	504	2299	222	710	320	1883	718	151	520	37	154	30	3178	334	12	0	560	244	1027	545	131	73	111	314	70	438	260	547	326	153	122	31	91	219	149	229	79	131	227	76	0	0	411	90	87	0	18	0	468	71	14	0	0	0	7	0	14	0	83	20	45	0	18	110	7	0	135	144	0	0	0	0	0	39	10	0	0	76	26	7	9	33	0	2	16	0	0	6	0	0	15	0	0	0	0	0	0	0	0	8	0	0	0	0	0	0	0	13	0	0	0	0	0	0	0	0	0	12	38	0	0	0	0	0	0	0	0	0	0	0	0	0	5	0	0	0	0	0	0	0	0	0	0	0	0	0	0	0	0	3	0	0	0	0	0	0
Day23.Hr8.V3	1672	224	669	2502	3067	626	728	383	0	226	434	1084	418	128	187	141	144	357	266	190	350	112	1435	72	221	77	87	446	189	62	34	22	55	54	80	0	75	236	20	70	48	116	91	49	25	0	270	30	21	92	0	0	0	22	0	0	41	0	29	0	0	0	0	0	0	0	524	0	14	13	20	0	20	0	0	35	0	0	0	0	0	34	0	0	5	0	7	0	8	0	0	0	70	15	0	26	0	0	20	0	0	0	0	0	24	27	0	0	0	0	0	0	0	4	0	0	0	0	0	0	0	0	0	0	0	0	0	0	0	0	0	0	0	0	0	0	0	0	0	0	0	0	0	0	0	0	0	0	0	0	0	0	0	0	0	0	0	0	0	0	0	0	0	0	0	0
Day23.Hr8.V4	3460	1686	2784	3967	224	2388	592	155	114	716	73	270	94	691	117	443	151	285	383	226	227	55	60	0	153	37	109	24	0	171	41	141	290	62	0	48	0	27	0	126	0	31	5	17	84	58	0	25	49	9	0	0	43	53	0	0	0	0	0	0	4	0	0	47	0	0	0	45	0	17	10	0	0	0	0	0	0	0	0	0	0	0	0	0	7	0	0	0	0	5	0	0	0	0	0	0	8	12	0	0	7	0	0	0	0	0	0	0	0	0	0	0	0	0	0	0	0	0	0	0	0	0	0	0	0	0	0	0	0	0	0	0	0	0	0	0	0	0	0	0	0	0	0	0	0	0	0	0	0	0	0	0	0	0	0	0	0	0	0	0	0	0	0	0	0	0
Day23.Hr8.V5	16854	3367	13451	8106	18192	1038	2656	215	0	677	614	7359	739	842	311	972	1244	1068	945	2166	1043	167	873	284	2857	0	258	712	589	877	216	112	182	403	103	409	72	1041	159	134	156	0	321	151	210	333	152	115	192	140	111	0	136	102	136	0	315	0	0	64	0	0	0	75	12	0	76	0	57	35	22	0	16	59	0	43	253	160	0	126	0	0	0	23	19	0	0	80	0	19	0	0	9	7	13	0	0	0	0	0	5	0	0	0	0	0	9	0	0	0	0	0	0	0	14	0	0	15	0	0	10	0	0	0	0	0	0	0	0	0	0	0	0	0	0	0	0	0	0	0	0	0	0	0	0	0	0	0	0	0	0	0	0	0	0	0	0	0	0	0	0	0	0	0	0	0
Day23.Hr8.V6	2570	792	5992	6983	2649	1248	1076	226	44	1040	1553	904	1105	582	238	748	295	460	361	231	426	158	23	30	38	36	308	32	54	95	161	94	35	166	316	0	0	0	399	25	158	87	60	49	64	40	0	37	39	55	132	0	42	0	0	0	63	0	0	30	0	0	0	59	21	0	0	0	9	0	0	0	0	0	0	0	0	0	0	0	0	0	0	0	0	0	0	32	0	12	0	0	0	0	0	22	0	0	0	0	12	0	0	0	0	0	0	0	5	0	0	0	0	0	0	0	0	0	0	0	0	0	0	0	0	0	0	0	0	0	0	0	0	0	0	0	0	0	0	0	0	0	0	0	0	0	0	0	0	0	0	0	0	0	0	0	0	0	0	0	0	0	0	0	0	0
Day23.Hr8.V7	7841	764	6444	2279	8700	727	422	90	0	733	286	1633	201	423	203	518	312	169	425	759	163	225	234	75	260	44	240	296	226	415	266	42	133	191	60	176	0	337	485	220	137	3	116	78	169	60	0	122	86	178	0	0	50	93	79	0	134	0	0	0	9	0	0	64	7	0	0	0	24	18	19	0	0	0	0	29	0	116	0	0	0	0	0	18	6	0	0	0	0	0	0	78	0	4	0	0	0	0	0	0	3	0	0	0	0	0	0	0	0	0	0	0	0	0	6	0	0	0	0	0	0	0	0	0	0	0	0	0	0	0	0	0	15	0	0	0	0	0	0	0	0	0	0	0	0	0	0	0	0	0	0	0	0	0	0	0	0	0	0	0	0	0	0	0	0	0
Day23.Hr8.V8	2140	592	4276	3265	3153	425	221	87	0	285	67	791	223	249	113	452	196	105	360	678	96	107	216	57	67	0	165	131	55	111	70	25	44	55	0	36	45	124	217	65	75	11	69	120	20	59	0	54	69	85	0	0	0	39	0	0	54	0	0	0	9	0	0	0	0	0	0	0	25	10	0	0	0	0	0	0	0	28	0	0	0	0	0	16	0	0	0	0	0	0	0	0	0	0	0	42	0	0	0	0	1	0	0	0	0	0	0	0	0	0	0	0	0	0	0	0	0	0	0	0	0	0	0	0	0	0	0	0	0	0	0	0	0	0	0	0	0	0	0	0	0	0	0	0	0	0	0	0	0	0	0	0	0	0	0	0	0	0	0	0	0	0	0	0	0	0
Day24.Hr4.V3	15946	731	3447	7943	21802	1515	4976	1543	23	1182	1420	4472	519	1132	480	136	1245	1871	576	710	1742	185	3873	354	14	372	47	1857	4113	1391	231	261	38	349	275	1693	183	1255	932	231	196	254	233	140	165	30	619	129	195	458	86	0	86	129	61	0	253	0	21	88	0	0	0	67	16	0	187	0	68	53	42	0	27	0	0	215	320	0	0	0	24	51	77	0	30	0	14	121	161	9	23	165	31	46	18	72	0	0	125	30	16	0	136	0	81	0	0	0	0	0	0	16	0	0	10	0	0	0	0	0	23	0	0	0	0	0	0	0	0	0	0	0	0	0	0	0	0	0	0	0	0	0	0	0	0	0	0	0	18	0	0	0	0	0	0	0	0	0	0	0	0	0	0	0	0	0
Day24.Hr4.V4	2643	1774	2457	2328	2578	760	406	83	0	640	92	186	432	123	123	138	133	200	142	333	170	287	6	0	90	111	237	29	0	111	21	18	34	25	0	41	0	0	13	42	85	23	61	11	27	24	28	34	37	27	79	0	25	31	0	0	45	0	0	0	0	0	0	0	0	0	0	0	0	0	0	0	0	0	0	25	0	0	0	0	0	0	0	0	0	0	0	0	0	6	0	0	0	0	0	0	0	0	0	0	7	0	0	0	0	0	8	0	0	0	0	0	0	0	0	0	0	0	0	0	0	0	0	0	0	0	0	0	0	0	0	0	0	0	0	0	0	0	0	0	0	0	0	0	0	0	0	0	0	0	0	0	0	0	0	0	0	0	0	0	0	0	0	0	0	0
Day24.Hr4.V5	1858	1275	1087	3822	2394	490	342	298	0	522	113	102	89	64	109	38	127	134	160	58	138	41	138	0	72	0	23	147	44	66	46	35	57	147	0	31	62	36	13	75	86	94	43	15	17	23	43	20	10	111	0	0	0	0	0	0	16	0	94	34	0	0	0	0	0	0	0	0	0	0	0	0	9	0	0	17	0	0	0	0	0	0	0	0	5	0	0	0	0	0	0	0	8	0	0	23	0	0	0	0	10	0	0	0	0	0	0	0	0	0	0	0	0	4	0	0	0	0	0	0	0	0	0	0	0	0	0	0	0	0	0	0	0	0	0	0	0	0	0	0	0	0	0	0	0	0	0	0	0	0	0	0	0	0	0	0	0	0	0	0	0	0	0	0	0	0
Day24.Hr4.V6	762	5295	535	350	204	4230	667	1768	4963	46	220	66	95	422	2491	23	563	252	741	1654	240	1543	467	536	38	1603	16	0	0	46	91	59	38	104	0	29	375	25	7	11	17	10	3	195	0	16	236	0	9	4	0	1279	0	0	92	374	0	0	0	7	43	0	47	0	24	0	0	0	0	39	0	0	0	0	0	0	0	0	125	0	0	0	31	0	0	0	189	0	0	0	0	0	0	0	0	0	0	0	0	0	0	161	0	0	0	0	0	0	0	0	0	0	0	0	0	0	0	0	0	0	0	0	0	0	0	0	0	0	0	0	0	0	0	0	0	0	0	0	0	0	0	0	0	0	0	0	0	0	0	0	0	0	0	0	0	0	0	0	0	0	0	0	0	0	0	0
Day24.Hr4.V7	4867	4046	921	3118	2918	2330	1138	641	10	509	39	82	120	214	150	73	256	460	219	153	452	136	183	42	163	45	70	145	77	119	37	45	36	95	0	81	18	0	0	108	29	128	78	13	0	15	0	37	8	120	0	0	0	0	0	0	0	0	77	48	0	0	0	0	0	0	0	0	0	0	0	0	0	0	10	0	0	0	0	0	0	0	0	0	0	0	0	0	0	14	13	0	19	0	0	0	23	16	0	0	8	0	0	0	0	0	0	0	0	0	0	0	0	0	0	0	0	0	0	0	5	0	0	0	0	0	0	0	0	0	0	7	0	0	0	0	0	0	0	0	0	0	0	0	0	0	0	0	0	0	0	0	0	0	0	0	0	0	0	0	0	0	0	0	0	0
Day24.Hr4.V8	3196	2065	3260	3815	3581	1469	469	393	0	1618	147	133	79	449	130	297	197	197	316	176	204	171	243	0	17	20	30	149	173	177	54	22	61	38	0	63	0	0	5	81	83	114	64	20	0	27	32	32	26	45	0	0	0	51	0	0	9	90	4	0	11	0	0	0	8	0	0	0	0	0	16	0	0	0	0	0	0	0	0	0	18	0	0	0	7	0	3	0	17	0	10	0	0	0	0	0	0	13	0	0	14	0	0	0	0	0	0	0	0	0	0	0	0	0	0	0	0	0	0	0	0	0	0	0	0	0	0	0	0	0	0	0	0	0	0	0	0	0	0	0	0	0	0	0	0	0	0	0	0	0	0	0	0	0	0	0	0	0	0	0	0	0	0	0	0	0
Day24.Hr8.V3	15953	669	5430	12400	19346	1837	5194	1946	30	1155	1340	5949	751	1392	555	138	1156	2096	727	962	1938	226	6793	581	5	382	50	1900	5452	1779	289	194	34	315	201	1941	164	2166	1302	210	233	300	143	195	123	76	778	162	311	590	0	0	72	104	120	0	236	0	61	94	16	0	0	101	13	0	146	0	126	30	57	0	31	0	13	311	568	0	0	0	33	82	101	0	31	0	32	147	167	10	15	210	38	43	23	52	0	0	149	46	17	0	137	0	53	10	0	23	7	14	5	18	0	0	16	0	0	9	0	0	0	10	0	0	0	0	0	0	43	0	0	0	0	0	0	0	0	0	0	0	0	0	0	28	0	5	0	0	0	0	5	0	0	0	0	0	0	0	0	0	0	0	0	0	0	0
Day24.Hr8.V4	3458	1384	6099	3590	7101	1046	625	898	0	455	98	769	582	184	268	348	270	303	600	333	245	168	187	101	24	34	193	105	902	188	73	33	41	57	0	187	55	150	466	73	149	136	112	67	70	7	0	35	48	67	0	0	0	0	0	0	0	0	153	37	36	0	0	0	11	0	0	0	0	13	0	0	0	0	0	0	0	32	0	0	71	48	0	0	10	0	0	0	19	7	31	0	0	6	11	0	0	15	0	0	17	0	0	0	0	0	0	0	0	0	0	0	0	0	0	0	0	0	0	0	0	0	0	0	0	0	0	11	0	0	0	0	0	0	0	0	0	0	0	0	0	0	0	0	0	0	0	0	0	0	0	0	0	0	0	0	0	0	0	0	0	0	0	0	0	0
Day24.Hr8.V5	16298	3828	5751	4859	11553	686	2061	122	21	542	700	6233	792	718	243	766	861	871	797	1051	797	172	1286	216	1957	0	106	558	775	1067	231	119	127	328	147	463	62	1066	53	177	211	10	135	132	201	290	155	161	114	150	73	0	117	88	118	0	243	62	0	65	0	0	0	82	15	0	66	0	43	25	24	0	0	0	0	38	251	199	0	108	0	0	0	0	12	0	0	93	0	9	0	53	0	0	0	0	0	0	0	0	17	0	0	0	0	16	7	0	0	0	0	0	0	0	11	0	0	13	0	0	7	0	0	0	0	0	0	0	0	0	0	0	0	0	0	0	0	0	0	0	16	0	0	0	0	0	0	0	0	0	0	0	0	0	0	10	0	0	0	0	0	0	0	0	0	0
Day24.Hr8.V6	4897	2472	3482	3424	3997	1847	841	510	12	827	120	188	127	430	198	225	270	314	276	338	340	458	355	40	29	38	25	214	283	247	40	30	55	35	0	125	0	0	0	137	75	146	95	16	24	29	0	48	42	25	0	0	0	61	0	0	6	86	0	0	18	0	0	0	14	0	0	0	0	0	0	0	0	0	11	0	0	0	0	0	0	0	0	0	0	0	19	0	10	3	0	0	7	0	0	0	0	19	0	0	14	0	0	0	0	0	0	0	0	0	0	0	0	0	0	0	0	0	0	7	0	0	0	0	0	0	0	0	0	0	0	0	0	0	0	0	0	0	0	0	0	0	0	0	0	0	0	0	0	0	0	0	0	0	0	0	0	0	0	0	0	0	0	0	0	0
Day24.Hr8.V7	3201	4929	3129	3271	2262	1335	267	69	0	741	42	250	41	55	106	212	190	109	179	118	91	67	0	0	67	8	103	19	0	139	24	0	37	29	0	41	0	0	10	69	75	10	16	4	28	55	0	20	41	16	0	0	34	56	0	0	0	0	0	0	0	0	0	0	0	0	0	0	10	12	0	0	0	0	0	0	0	0	0	0	0	0	0	0	0	0	0	0	0	0	0	0	0	0	0	0	18	0	0	0	9	0	0	0	0	0	0	0	0	0	0	0	0	0	0	0	0	0	0	0	0	0	0	0	0	0	0	0	0	0	0	0	0	0	0	0	0	0	0	0	0	0	0	0	0	0	0	0	0	0	0	0	0	0	0	0	0	0	0	0	0	0	0	0	0	0
Day24.Hr8.V8	7499	10268	2988	8586	919	3585	1697	1270	79	710	37	166	174	449	371	487	595	723	582	368	668	570	495	105	619	151	252	768	153	95	24	63	49	103	0	78	46	38	5	150	16	174	286	27	82	33	0	72	17	11	0	0	0	107	0	0	0	0	0	0	7	0	0	0	15	0	0	6	9	17	18	0	42	0	27	0	0	44	0	0	0	33	0	0	9	17	0	0	0	31	15	0	0	0	0	0	30	26	0	17	7	0	0	0	0	23	6	0	8	6	20	0	0	14	0	0	0	0	0	0	0	0	0	0	40	0	0	0	0	0	0	25	0	0	0	0	0	0	0	0	0	0	0	0	0	0	0	0	0	0	0	0	0	0	0	0	0	0	0	0	0	0	0	0	0	0
Day3.Hr4.V3	18275	8389	3563	0	0	5124	974	7065	782	0	164	0	1410	1731	2051	2069	1252	403	580	150	390	437	83	3030	1226	346	5	0	30	115	16	960	116	109	0	65	388	76	0	52	0	35	0	78	0	0	169	0	20	0	0	62	0	13	209	0	0	0	0	0	336	0	65	0	74	0	0	0	0	12	0	0	0	190	37	0	0	0	0	0	0	0	0	4	55	53	21	0	0	0	30	0	8	10	0	0	0	0	0	0	1	0	0	15	0	0	0	0	0	0	0	0	0	0	0	0	0	0	0	0	0	0	0	0	0	0	0	0	0	0	0	0	0	0	0	2	0	0	0	0	0	0	0	0	0	0	0	0	0	0	0	0	0	0	0	0	0	0	0	0	0	0	0	0	0	0
Day3.Hr4.V4	38735	8577	3930	67	0	9194	1895	15835	2434	46	220	14	9565	4491	4206	5135	1471	896	1374	432	847	438	522	3966	2750	713	62	0	0	138	70	1845	308	303	41	138	1254	109	0	58	0	154	0	109	0	0	308	0	40	0	0	354	0	0	420	0	0	0	0	0	403	831	113	0	253	0	0	0	0	50	25	0	0	0	224	32	0	0	0	0	23	42	0	20	64	43	38	0	0	0	43	0	21	32	0	0	0	50	0	137	3	0	0	66	0	20	13	0	0	0	9	0	147	22	0	0	0	0	0	0	0	0	0	0	0	0	0	0	0	0	0	0	0	0	0	0	0	35	0	0	0	0	0	0	0	0	0	0	0	0	0	0	0	0	0	0	0	0	0	0	0	0	0	0	0	0
Day3.Hr4.V5	18913	2080	9403	6	0	2885	146	4133	1038	189	153	19	6647	7799	3269	1706	762	60	775	54	56	8524	132	4426	2182	434	707	0	72	239	68	1475	550	147	0	142	868	134	0	73	0	24	0	80	170	0	282	19	42	0	0	175	0	0	207	2012	0	0	0	0	95	320	332	0	311	0	0	22	0	31	28	0	156	0	150	60	0	0	649	0	105	0	0	19	120	0	22	0	0	0	43	0	0	3	0	0	0	0	0	66	2	0	0	18	0	0	25	41	0	6	0	0	0	44	0	0	44	8	34	38	0	0	0	77	0	0	52	0	0	0	0	0	0	0	0	0	0	0	0	0	0	0	0	0	0	0	0	0	0	0	0	0	0	0	0	0	0	0	0	0	0	0	0	0	0	0
Day3.Hr4.V6	20327	3437	12664	0	0	3598	1897	3381	1861	190	165	32	5142	7403	3043	3493	847	833	896	387	766	1024	208	5675	2780	692	934	0	100	229	16	2158	878	249	0	129	630	112	0	77	0	32	0	154	249	22	367	15	57	0	0	88	0	0	196	0	0	0	0	0	163	626	731	0	60	0	0	920	0	58	33	0	127	0	256	75	0	0	0	0	89	0	0	19	157	0	28	0	0	0	0	0	0	5	0	0	0	0	0	0	2	0	0	39	0	0	0	33	0	0	0	0	0	31	8	0	148	0	0	91	0	0	0	0	0	0	0	0	0	0	0	0	0	0	0	0	0	26	0	0	0	0	0	0	0	0	0	0	0	0	0	0	0	0	0	0	0	0	0	0	0	0	0	0	0	0
Day3.Hr4.V7	4742	2942	2368	2691	249	3417	697	725	39	278	36	21	145	349	249	783	209	290	266	655	278	1121	25	46	421	66	0	183	192	33	20	30	34	20	0	77	25	0	0	99	0	112	22	39	68	32	0	33	28	0	0	0	0	42	0	0	0	0	0	0	9	0	0	11	0	0	0	0	0	0	0	0	0	0	0	0	0	25	0	0	7	0	0	0	0	0	0	0	0	15	0	0	0	0	0	0	22	8	0	0	9	0	0	0	0	0	0	0	0	0	21	0	0	0	0	0	0	0	0	0	0	0	0	0	0	0	0	0	0	0	0	0	0	0	0	0	0	0	0	0	0	0	0	0	0	0	0	0	0	0	0	0	0	0	0	0	0	0	0	0	0	0	0	0	0	0
Day3.Hr4.V8	2328	5048	1959	1289	2130	1184	268	39	0	712	23	124	31	16	81	204	96	130	148	527	127	170	0	0	106	20	144	25	0	88	11	0	39	43	0	0	26	0	29	70	77	7	18	7	17	86	20	51	32	10	0	0	0	53	0	0	0	0	0	0	0	0	0	0	0	0	0	0	0	12	0	0	0	0	0	0	0	0	0	0	0	0	0	0	0	0	0	0	0	0	0	0	0	0	0	0	10	0	0	0	0	0	0	0	0	0	0	0	0	0	0	0	0	0	0	0	0	0	0	0	0	0	0	0	0	0	0	0	0	0	0	0	0	0	0	0	0	0	0	0	0	0	0	0	0	0	0	0	0	0	0	0	0	0	0	0	0	0	0	0	0	0	0	0	0	0
Day4.Hr4.V3	29072	11105	4885	0	0	16640	5448	5933	726	0	159	0	948	5666	2163	3620	1104	2237	600	1052	2028	492	516	1355	2611	302	0	6	68	107	39	544	118	171	0	125	221	115	0	119	0	29	0	35	58	0	135	0	50	0	0	17	0	0	289	0	0	0	0	43	103	0	0	0	64	0	0	0	0	32	23	0	0	204	43	0	0	0	0	0	0	0	0	16	44	17	63	0	0	0	41	0	0	0	0	0	0	0	0	18	2	0	0	0	0	21	10	0	0	0	15	0	0	0	0	0	0	18	0	0	0	7	0	0	0	0	0	0	0	0	0	0	0	0	0	0	0	0	0	0	0	0	0	0	0	0	0	0	0	0	0	0	0	0	0	0	10	0	0	0	0	0	0	0	0	0
Day4.Hr4.V4	2138	522	1697	3685	3149	1089	948	419	0	326	734	1226	531	155	229	178	165	479	386	170	411	160	859	74	231	49	57	373	242	62	32	32	44	70	149	49	83	349	21	63	70	164	111	57	30	0	204	40	27	65	0	0	0	26	0	0	43	0	82	0	0	0	0	0	6	0	379	0	13	8	20	0	0	0	7	61	0	0	0	0	36	44	0	0	7	0	0	0	0	8	0	0	40	18	0	22	0	0	21	0	0	0	0	0	24	42	0	0	0	0	0	0	0	5	0	0	0	0	0	0	0	0	0	0	0	0	0	0	0	0	0	0	0	0	0	0	0	0	0	0	0	0	0	0	0	0	0	0	0	0	0	0	0	0	0	0	0	0	0	0	0	0	0	0	0	0
Day4.Hr4.V5	24273	3142	10830	59	24	3158	507	2790	391	502	108	76	1190	4491	2517	2446	1231	211	733	64	200	3396	76	3904	1595	224	995	3	90	200	34	2157	533	253	0	145	226	173	0	148	0	12	0	92	192	28	245	104	38	0	0	43	0	0	176	776	0	0	0	40	117	403	293	0	121	0	0	374	0	34	44	0	239	0	135	55	0	0	271	0	205	0	0	23	57	0	13	0	0	0	37	0	0	0	0	0	0	0	0	0	12	0	0	0	0	0	14	70	0	0	0	0	0	39	0	0	0	0	0	0	0	0	0	95	0	0	96	0	0	0	91	0	0	0	0	0	0	0	0	0	0	31	0	0	0	0	0	0	0	0	0	0	0	0	0	0	0	0	0	0	0	0	0	0	0	0
Day4.Hr4.V6	2210	1108	790	2365	2770	994	346	892	0	402	56	0	91	171	135	0	155	114	102	131	125	197	254	0	9	7	35	195	103	51	58	38	23	15	0	59	14	0	22	54	116	71	12	12	0	10	39	19	15	23	0	0	0	51	0	0	11	0	143	0	14	0	0	0	8	0	0	0	0	0	12	0	0	0	0	0	0	0	0	0	0	0	0	0	0	8	5	0	25	0	13	0	0	0	0	0	0	12	16	0	0	0	0	0	0	0	0	0	0	0	0	0	0	0	0	0	0	0	0	0	0	0	0	0	0	0	0	0	0	0	0	0	0	0	0	0	0	0	0	0	0	0	0	0	0	0	0	0	0	0	0	0	0	0	0	0	0	0	0	0	0	0	0	0	0	0
Day4.Hr4.V7	23539	3624	8059	0	0	5335	205	3389	469	610	16	27	1763	6937	3492	5376	707	119	795	1239	98	174	122	3600	2123	350	340	0	101	178	20	1343	977	160	0	100	226	143	0	129	0	5	0	68	309	13	306	31	61	0	0	84	0	0	263	0	0	0	0	42	238	824	331	0	130	0	0	56	0	34	60	0	55	0	218	51	0	0	0	0	36	0	0	23	48	0	11	0	0	0	60	0	0	0	0	0	0	0	0	31	6	0	56	0	0	0	8	0	0	0	0	0	0	0	0	0	14	0	0	0	0	0	0	0	0	0	0	0	0	0	0	0	0	0	0	0	11	0	0	0	0	0	0	0	0	0	0	0	0	0	0	0	0	0	0	0	0	0	0	0	0	0	0	0	0	0
Day4.Hr4.V8	23755	2540	10339	0	0	4397	230	3706	661	588	44	12	2028	4516	2564	374	1140	117	1281	415	108	8094	105	3466	2553	312	404	3	109	231	32	2087	986	249	0	183	933	153	0	121	0	16	0	138	268	34	347	22	80	0	0	63	0	59	213	1720	0	0	0	49	186	0	177	0	227	0	0	0	0	35	54	0	130	0	127	47	0	0	581	0	97	0	0	30	119	26	20	0	0	0	51	0	10	15	0	0	0	0	0	72	0	0	0	21	0	0	19	40	0	0	0	0	0	12	0	0	0	0	39	0	0	0	0	0	0	0	0	0	0	0	0	0	0	0	0	0	0	0	0	0	0	0	0	0	0	0	0	0	0	0	0	0	0	0	0	0	0	0	0	0	0	0	0	0	0	0
Day5.Hr4.V3	9413	3569	1992	70	148	6535	1886	1560	175	76	26	14	91	1399	656	1438	262	856	243	796	744	336	168	338	833	59	0	40	60	43	12	89	51	96	0	63	59	45	0	141	0	18	0	16	91	6	0	0	19	0	0	0	0	0	123	0	0	0	0	55	38	0	0	0	16	0	0	0	0	21	0	0	0	66	14	0	0	0	0	0	0	0	0	0	11	24	20	0	0	10	17	0	0	0	0	0	0	17	0	0	0	0	0	0	0	0	8	0	0	0	15	0	0	0	0	0	0	0	0	0	0	0	0	0	0	0	0	0	0	0	7	0	0	0	0	0	0	0	0	0	0	0	0	0	0	0	0	0	0	0	0	0	0	0	0	0	0	0	0	0	0	0	0	0	0	0
Day5.Hr4.V4	6655	1837	1291	7	0	5710	1263	1019	147	134	21	0	861	672	514	893	179	605	280	661	575	219	211	363	844	123	96	23	18	32	30	162	43	68	0	0	46	43	0	48	0	18	0	20	72	0	0	17	16	0	0	7	0	26	137	0	0	0	0	0	0	133	0	0	0	0	0	0	0	8	14	0	0	0	41	0	0	0	0	0	0	0	0	0	10	19	0	0	0	44	8	0	0	0	0	0	0	8	0	0	0	0	0	0	0	0	0	0	0	0	11	0	0	12	0	0	0	0	0	0	0	0	0	0	0	0	0	0	0	0	0	0	0	0	0	0	0	0	0	0	0	0	0	0	0	0	0	0	0	0	0	0	0	0	0	0	0	0	0	0	0	0	0	0	0	0
Day5.Hr4.V5	20429	2597	13067	0	3	4116	2480	1805	272	721	148	108	527	2418	2172	1423	784	981	841	430	900	1566	63	2257	1569	243	1255	21	66	229	27	1567	692	261	0	118	119	169	0	260	0	20	0	66	322	35	145	118	53	0	0	14	0	84	127	359	0	0	0	58	52	261	303	0	67	0	0	596	0	54	50	0	209	0	100	49	0	0	135	0	149	0	49	27	25	22	0	0	0	0	23	0	0	0	0	0	0	0	0	0	9	0	0	0	0	0	17	44	0	0	4	0	0	28	0	0	0	8	15	0	3	0	0	89	0	0	69	0	0	0	86	0	0	0	0	0	0	0	0	0	0	0	0	0	0	0	0	0	0	0	0	0	0	0	0	0	0	0	0	0	0	0	0	0	0	0
Day5.Hr4.V6	2073	669	2846	845	55	737	81	142	0	685	34	150	64	1174	287	305	132	0	254	143	20	93	60	110	245	0	63	14	0	127	39	164	438	54	0	24	112	18	0	161	0	0	0	13	63	68	0	28	27	0	0	0	0	0	0	0	0	0	0	39	0	0	0	0	43	0	0	9	0	19	10	0	0	0	0	0	0	50	0	0	0	0	0	0	0	0	0	0	0	18	0	0	0	0	0	0	0	0	0	0	11	0	0	7	0	0	4	0	0	0	0	0	42	0	0	0	0	0	0	0	0	0	0	0	0	0	0	0	0	0	0	0	0	0	0	0	0	0	0	0	0	0	0	0	0	0	0	0	0	0	0	0	0	0	0	0	0	0	0	0	0	0	0	0	0	0
Day5.Hr4.V7	4169	1177	2004	0	0	1184	456	416	58	174	0	12	86	559	280	606	171	208	196	541	223	58	16	334	401	28	82	0	0	45	4	254	142	39	0	27	28	0	0	104	0	0	0	12	123	0	33	14	12	0	0	0	0	16	0	0	0	0	0	0	33	96	56	0	17	0	0	65	0	9	0	0	41	0	23	0	0	0	0	0	0	0	0	0	0	0	0	0	0	0	0	0	0	0	0	0	0	0	0	0	11	0	0	0	0	0	0	0	0	0	0	0	0	0	0	0	0	0	0	0	0	0	0	0	0	0	0	0	0	0	0	0	0	0	0	0	0	0	0	0	0	0	0	0	0	0	0	0	0	0	0	0	0	0	0	0	0	0	0	0	0	0	0	0	0	0
Day5.Hr4.V8	3191	4008	2378	2142	3415	654	289	91	0	456	49	157	40	57	121	238	189	143	171	86	132	86	0	25	87	12	193	48	0	115	30	4	52	75	0	31	12	0	90	79	97	0	58	10	31	87	0	61	52	16	0	0	0	0	0	0	6	0	0	45	28	0	0	44	0	0	0	0	16	7	0	0	0	0	0	0	0	0	0	0	0	0	0	0	0	0	0	0	0	0	0	0	0	0	12	0	0	0	0	0	0	0	0	0	0	0	0	0	0	0	0	0	0	0	0	0	0	0	0	0	0	0	0	0	0	0	0	0	0	0	0	0	0	0	0	0	0	0	0	0	0	0	0	0	0	0	0	0	0	0	0	0	0	0	0	0	0	0	0	0	0	0	0	0	0	0
Day6.Hr4.V3	28385	12428	5993	366	18	15991	6829	4044	292	232	75	11	153	5671	1411	4157	700	2842	525	2991	2492	1075	410	565	1843	338	0	199	449	96	61	269	90	155	0	285	103	102	0	248	0	90	0	39	218	45	77	41	45	0	0	0	0	162	144	0	0	0	0	163	81	0	0	0	52	0	0	6	0	25	41	0	0	282	25	0	0	0	0	0	39	30	0	9	34	125	10	0	0	55	22	0	0	0	17	0	13	42	0	0	2	0	0	0	0	27	12	0	0	0	36	0	0	0	7	73	0	25	0	0	0	0	0	0	0	0	0	0	0	0	0	0	0	0	0	0	0	0	0	0	0	0	0	0	0	0	22	0	0	0	0	0	0	0	0	0	0	0	0	0	0	0	0	0	0	0
Day6.Hr4.V4	34085	19850	7933	213	28	19702	7946	4659	412	335	46	12	1635	2884	1662	2771	1490	3146	718	2039	3132	654	437	753	2501	583	688	202	85	118	40	476	115	194	0	88	102	114	0	217	0	114	21	104	223	9	64	141	21	0	0	0	0	141	161	0	0	0	0	128	63	550	0	0	65	0	0	0	0	22	35	0	48	0	74	0	0	19	0	0	0	0	62	10	66	71	0	0	0	157	29	0	28	5	90	0	0	37	0	39	0	0	0	0	0	29	19	24	4	0	91	0	0	19	0	38	0	12	18	0	0	0	0	20	25	0	0	0	0	0	0	0	0	0	0	0	0	0	0	0	0	0	0	0	0	0	0	0	0	0	0	0	0	0	0	0	0	0	0	0	0	0	0	0	0	0
Day6.Hr4.V5	2488	4333	591	5217	142	975	203	62	7	1112	1953	181	517	10	33	149	160	93	188	56	77	172	4	17	24	30	98	11	0	63	22	0	60	76	309	26	0	0	64	37	77	11	18	16	34	29	0	21	28	0	0	0	43	63	0	0	0	0	0	0	8	0	0	0	0	0	0	0	29	8	0	0	0	0	0	0	0	0	0	0	0	0	0	0	0	0	0	0	0	0	0	0	0	0	0	0	0	0	0	0	6	0	0	0	0	0	0	0	0	0	0	0	0	0	0	0	0	0	0	0	0	0	0	0	0	0	0	0	0	0	0	0	0	0	0	0	0	0	0	0	0	0	0	0	0	0	0	0	0	0	0	0	0	0	0	0	0	0	0	0	0	0	0	0	0	0
Day6.Hr4.V6	5973	2116	8250	222	0	930	1491	201	74	1296	66	429	143	1175	559	406	440	625	623	281	513	89	17	53	631	87	514	57	26	155	14	894	490	114	0	39	133	58	0	149	0	0	0	22	59	65	41	57	13	0	0	0	94	0	0	0	0	0	0	43	17	0	338	0	20	0	0	379	0	25	0	71	0	0	14	0	0	0	0	0	24	0	0	0	16	0	0	0	0	0	0	0	11	0	0	0	0	0	0	0	13	0	0	0	0	0	0	0	0	0	0	0	0	0	0	0	14	0	0	0	0	0	0	0	0	0	0	0	0	0	0	0	0	0	0	0	0	0	0	0	0	0	0	0	0	0	0	0	0	0	0	0	0	0	0	0	0	0	0	0	0	0	0	0	0	0
Day6.Hr4.V7	10078	2695	6426	145	6	3366	1112	744	102	975	0	103	132	1688	711	1047	489	521	584	1652	437	314	15	518	1000	26	276	29	34	162	12	507	278	165	0	56	64	60	0	565	0	0	0	49	254	42	57	71	52	0	0	0	0	61	52	0	0	0	0	0	52	159	203	0	11	0	0	381	0	22	44	0	0	0	20	0	0	31	0	0	43	0	0	9	10	14	9	0	0	0	9	0	0	0	19	0	0	0	0	0	2	0	0	0	0	0	11	0	0	0	0	0	0	0	0	0	0	0	0	0	0	0	0	0	0	0	0	0	0	0	0	0	0	0	0	0	0	0	0	0	0	0	0	0	0	0	0	0	0	0	0	0	0	0	0	0	0	0	0	0	0	0	0	0	0	0
Day6.Hr4.V8	20873	5299	16707	34	38	4126	414	1784	36	1533	162	154	469	1260	642	2004	1366	165	1487	453	190	1547	53	1369	2113	194	316	139	60	270	56	2282	2563	266	30	140	238	159	0	339	0	0	0	103	354	183	54	129	99	0	0	0	0	73	116	276	0	0	0	65	28	353	30	0	77	0	0	84	0	46	78	402	52	0	49	66	0	0	112	0	46	0	0	44	50	97	6	0	0	14	14	0	0	73	0	0	0	0	0	21	8	0	0	13	0	0	12	24	0	4	0	8	0	14	13	0	0	9	29	0	16	0	0	0	0	0	0	0	0	0	0	0	0	0	0	0	0	0	0	0	0	0	0	0	0	0	0	0	0	0	0	0	0	0	0	0	0	0	0	0	0	0	0	0	0	0
Day7.Hr4.V3	19656	9379	6535	1445	16	11051	5211	2890	110	274	34	0	83	1698	532	3028	600	2143	441	2803	2001	1151	184	351	1488	274	0	267	599	58	32	294	81	92	0	301	77	83	0	142	0	122	17	39	210	31	52	50	43	0	0	0	0	92	108	0	0	0	0	76	44	0	0	0	14	0	0	39	0	12	32	0	29	205	19	0	0	72	0	0	0	0	0	15	28	63	0	0	0	47	9	0	0	0	22	0	25	25	0	0	5	0	0	0	0	20	17	0	0	0	25	0	0	0	0	33	0	33	0	0	0	0	0	0	0	0	0	0	0	0	0	0	0	0	0	0	0	0	0	0	0	0	0	0	0	0	0	0	0	0	0	0	0	0	0	0	0	0	0	0	0	0	5	0	0	0
Day7.Hr4.V4	2258	1027	6612	1674	2757	824	982	942	0	406	110	455	633	82	475	259	273	454	1023	251	403	461	466	128	25	45	90	68	450	149	81	25	43	28	0	72	60	110	282	45	118	257	50	88	33	11	0	19	65	44	0	0	50	21	0	0	3	0	95	0	19	0	0	0	12	0	0	0	12	0	0	0	62	0	0	0	0	6	0	0	0	0	0	0	0	0	0	0	28	0	26	0	0	0	0	0	7	25	0	0	22	0	0	0	0	0	0	0	7	0	0	0	0	4	0	0	0	0	0	0	0	0	0	0	0	0	0	9	0	0	0	0	0	0	0	0	0	0	0	0	0	0	0	0	0	0	0	0	0	0	0	0	0	0	0	0	0	0	0	0	0	0	0	0	0	0
Day7.Hr4.V5	7750	1667	6339	8471	6533	2233	617	380	22	1001	239	493	380	509	305	787	245	236	411	798	227	645	55	70	367	98	167	117	48	356	100	20	89	81	0	74	40	0	143	121	137	56	174	63	112	101	0	83	85	72	300	0	0	0	54	0	48	0	0	63	24	0	0	60	19	0	0	0	14	26	25	0	0	0	0	33	0	0	0	0	12	0	25	0	9	0	0	0	0	0	0	0	0	0	0	0	0	0	0	0	17	0	0	0	0	0	8	0	4	0	0	0	0	0	0	0	0	0	0	0	0	0	0	0	0	0	0	0	0	0	0	0	0	0	0	0	0	0	0	0	0	0	0	0	0	0	0	0	0	0	0	0	0	0	0	0	0	0	0	0	0	0	0	0	0	0
Day7.Hr4.V6	16439	8051	26057	14117	12	5450	6234	694	563	3462	607	1651	1118	4353	1815	2524	926	2626	2044	1520	2428	326	74	154	2840	600	2715	196	47	787	194	2301	2786	308	101	228	302	147	0	401	71	47	0	104	135	643	0	84	81	0	0	0	764	125	69	0	0	0	0	117	57	108	277	0	0	0	0	628	11	140	110	615	0	113	27	46	0	191	0	81	34	0	40	56	28	94	0	65	0	25	17	0	79	5	16	0	17	0	0	38	5	0	0	13	0	0	14	0	0	20	7	15	0	0	14	0	31	0	0	0	6	0	0	0	0	0	0	0	0	0	0	0	0	0	0	0	0	0	0	0	0	0	0	0	0	0	0	0	0	0	0	0	0	0	0	0	0	0	0	0	0	0	0	0	0	0
Day7.Hr4.V7	6916	958	3249	10292	4983	660	856	87	14	2287	3248	2578	525	757	251	796	467	384	479	89	396	35	527	72	45	0	199	98	0	253	259	142	63	354	665	94	63	222	429	71	300	32	128	238	194	27	0	78	140	136	0	0	156	112	0	0	187	167	0	0	0	0	0	111	37	0	47	0	21	18	0	0	0	0	0	18	0	0	0	0	0	0	0	0	15	6	0	19	0	17	7	0	0	0	0	0	0	0	0	0	25	0	0	0	0	0	0	0	5	0	0	0	0	0	12	0	0	0	0	0	4	0	0	0	0	0	0	0	0	0	0	0	0	0	0	0	0	0	0	0	0	0	0	0	0	0	0	0	0	0	0	0	0	0	0	0	0	0	0	0	0	0	0	0	0	0
Day7.Hr4.V8	26105	9853	32352	470	66	5379	554	2067	23	3917	302	759	589	4864	2789	4238	1518	243	2146	1568	240	1074	85	1340	3582	389	505	253	72	827	158	3434	4793	445	50	262	797	218	0	844	0	21	0	196	246	397	0	144	184	0	0	0	186	170	147	166	0	0	0	146	36	640	0	0	399	0	0	210	0	127	107	918	74	0	40	78	0	160	0	72	51	0	0	77	84	64	13	20	0	116	11	0	17	39	58	0	0	92	0	31	8	0	0	0	0	0	45	19	0	21	0	6	102	0	14	0	0	14	0	0	26	30	0	0	0	0	0	0	0	0	0	0	0	0	0	0	0	0	0	0	0	0	0	0	0	0	0	0	0	0	0	0	0	0	0	0	0	0	0	0	0	0	0	0	0	0
Day8.Hr4.V3	2581	660	2645	1943	89	1154	649	167	124	1426	39	165	630	1336	281	176	115	289	349	246	230	145	25	43	237	140	450	32	27	99	36	254	473	69	0	0	100	0	8	139	27	11	0	19	44	80	0	81	23	12	0	0	64	54	0	0	0	0	0	0	0	0	26	0	0	0	0	68	0	21	0	0	7	0	0	0	0	14	0	0	0	0	0	0	14	12	0	0	0	20	0	0	9	0	0	0	0	0	0	0	5	0	0	0	0	0	0	0	0	0	0	0	0	0	3	0	0	0	0	0	5	0	0	0	0	0	0	0	0	0	0	0	0	0	0	0	0	0	0	0	0	0	0	0	0	0	0	0	0	0	0	0	0	0	0	0	0	0	0	0	0	0	0	0	0	0
Day8.Hr4.V4	4018	2602	3388	3969	4445	878	327	75	0	587	105	333	468	20	144	58	266	135	211	215	134	53	0	0	169	84	319	17	0	138	38	6	44	30	0	37	0	11	9	58	92	14	100	42	45	22	0	37	35	36	0	0	21	0	0	0	51	0	0	44	9	0	0	41	13	0	0	0	12	14	0	0	0	0	0	20	0	0	0	0	0	0	0	0	0	0	0	0	0	6	0	0	0	0	0	0	0	0	0	0	4	0	0	0	0	0	0	0	0	0	0	0	0	0	0	0	0	0	8	0	0	0	0	0	0	0	0	0	0	0	0	0	0	0	0	0	0	0	0	0	0	0	0	0	0	0	0	0	0	0	0	0	0	0	0	0	0	0	0	0	0	0	0	0	0	0
Day8.Hr4.V5	2879	1990	1201	1013	91	3690	756	531	44	210	16	0	54	309	175	476	108	346	156	872	310	1228	34	76	382	65	0	107	141	0	15	36	27	33	0	34	14	0	0	106	6	35	5	21	74	37	0	20	17	0	0	0	0	45	0	0	0	0	0	0	9	0	0	0	0	0	0	9	0	0	0	0	0	0	0	0	0	33	0	0	0	0	0	0	0	19	0	0	0	17	0	0	0	0	0	0	0	12	0	0	0	0	0	0	0	0	6	0	0	0	6	0	0	0	0	0	0	0	0	0	0	0	0	0	0	0	0	0	0	0	0	0	0	0	0	0	0	0	0	0	0	0	0	0	0	0	0	0	0	0	0	0	0	0	0	0	0	0	0	0	0	0	0	0	0	0
Day8.Hr4.V6	8341	2753	12552	7576	144	2490	2835	247	203	5081	561	869	822	1320	787	1554	510	1245	1286	629	1179	166	46	90	967	159	825	118	0	308	298	1357	2369	214	111	109	227	95	23	275	78	30	0	50	58	395	0	42	24	17	0	0	674	68	66	0	0	115	0	52	28	0	35	0	8	0	0	122	0	68	62	688	0	85	15	0	0	35	0	0	0	0	0	29	6	39	0	36	0	13	0	0	49	0	0	0	13	0	0	0	6	0	0	0	0	0	7	0	0	0	0	0	0	0	0	0	0	0	0	0	0	0	0	0	0	0	0	0	0	0	0	0	0	0	0	0	0	0	0	0	0	0	0	0	0	0	0	0	0	0	0	0	0	0	0	0	0	0	0	0	0	0	0	0	0	0
Day8.Hr4.V7	1717	271	1880	1952	1539	261	434	30	12	734	837	992	363	143	122	592	183	164	315	80	172	15	469	66	25	0	117	20	0	65	63	47	37	157	160	32	0	46	175	13	139	12	33	234	50	45	0	27	75	26	0	0	81	29	0	0	29	0	0	0	0	0	0	0	12	0	34	0	0	0	0	0	0	0	0	0	0	0	0	0	0	0	0	0	0	0	0	0	0	0	0	0	0	0	0	0	0	0	0	0	29	0	0	0	0	0	0	0	0	0	0	0	0	0	0	0	0	0	0	0	0	0	0	0	0	0	0	0	0	0	0	0	0	0	0	0	0	0	0	0	0	0	0	0	0	0	0	0	0	0	0	0	0	0	0	0	0	0	0	0	0	0	0	0	0	0
Day8.Hr4.V8	3707	1052	3560	12	3	1220	949	247	72	541	42	125	121	1202	517	484	134	456	368	293	378	195	16	225	622	109	359	12	36	76	0	243	329	93	0	0	60	49	0	113	0	0	0	27	98	44	0	35	15	0	0	0	0	16	0	0	0	0	0	0	21	59	278	0	0	0	0	279	0	25	0	0	47	0	13	0	0	0	0	0	0	0	0	0	15	0	5	0	0	0	0	0	0	0	0	0	0	0	0	0	0	0	0	12	0	0	0	0	0	0	0	0	0	9	0	0	13	0	0	12	0	0	0	0	0	0	0	0	0	0	0	0	0	0	0	0	0	0	0	0	0	0	0	0	0	0	0	0	0	0	0	0	0	0	0	0	0	0	0	0	0	0	0	0	0	0
Day9.Hr4.V3	3996	737	1545	0	5	1248	105	1113	218	108	13	0	1823	1064	632	779	189	0	313	64	0	37	77	1293	691	190	79	0	41	61	15	612	200	47	0	0	171	24	0	22	0	5	0	29	63	0	98	0	21	0	0	88	0	0	94	0	0	0	0	0	67	121	159	0	64	0	0	19	0	11	18	0	0	0	88	0	0	0	0	0	21	0	0	0	13	0	0	0	0	0	0	0	0	0	0	0	0	0	0	31	9	0	0	0	0	0	0	0	0	0	0	0	0	0	0	0	0	0	0	27	0	0	0	0	0	0	0	0	0	0	0	0	0	0	0	0	0	0	0	0	0	0	0	0	0	0	0	0	0	0	0	0	0	0	0	0	0	0	0	0	0	0	0	0	0	0
Day9.Hr4.V4	3047	188	1639	3747	3221	277	165	37	0	407	227	528	87	448	69	249	110	0	106	44	44	19	464	51	28	11	177	64	207	143	64	23	36	75	0	75	0	170	253	99	67	0	34	30	69	27	0	50	48	81	0	0	53	0	0	0	8	0	144	47	0	0	0	0	0	0	0	0	0	0	0	0	0	0	0	0	0	42	0	0	0	0	0	0	0	0	0	18	8	0	0	0	0	0	0	0	0	0	0	0	9	0	0	0	0	0	0	0	0	0	0	0	0	0	0	0	0	0	0	0	0	0	0	0	0	0	0	0	0	0	0	0	0	0	0	0	0	0	0	0	0	0	0	0	0	0	0	0	0	0	0	0	0	0	0	0	0	0	0	0	0	0	0	0	0	0
Day9.Hr4.V5	11302	6920	14341	4992	1688	4524	2002	656	79	1570	85	1242	1332	1299	396	484	727	813	1260	292	754	136	286	218	225	187	650	154	429	422	65	698	479	173	0	227	149	202	61	196	76	52	31	84	116	104	0	139	73	28	0	0	203	83	0	0	0	0	20	71	25	0	14	0	0	0	0	67	36	32	35	135	0	0	18	0	0	9	0	75	31	0	50	35	11	0	0	32	0	32	10	0	25	7	0	0	23	0	0	0	4	0	0	0	0	0	0	0	0	10	0	0	29	0	0	20	0	0	0	0	0	0	0	0	0	0	0	0	0	0	0	0	0	0	0	0	0	0	0	0	0	0	0	0	0	0	0	0	0	0	0	0	0	0	0	0	0	0	0	0	0	0	0	0	0	0
Day9.Hr4.V6	8341	4518	9507	10454	43	4206	1835	149	88	2072	1085	863	780	489	361	977	529	696	687	242	620	36	17	32	137	113	259	70	0	221	356	968	603	182	164	97	95	31	26	131	84	38	0	21	0	127	0	51	17	25	0	0	213	108	0	0	0	0	0	0	12	0	0	0	0	0	0	23	8	22	39	198	0	63	15	17	0	0	0	0	0	0	0	25	9	48	0	23	0	12	0	0	21	0	0	0	0	0	0	0	4	0	0	0	0	0	0	0	0	0	0	0	0	0	0	0	0	0	0	0	0	0	0	0	0	0	0	0	0	0	0	0	0	0	0	0	0	0	0	0	0	0	0	0	0	0	0	0	0	0	0	0	0	0	0	0	0	0	0	0	0	0	0	0	0	0
Day9.Hr4.V7	2278	451	949	3360	3640	782	1016	533	14	314	437	1429	489	219	244	109	168	435	213	180	398	191	518	52	230	160	110	661	288	73	31	24	27	89	85	76	44	260	37	82	62	181	58	38	25	7	172	51	12	104	0	0	0	29	0	0	25	0	33	0	0	0	0	0	0	0	398	0	0	12	0	0	30	0	22	36	0	0	0	0	0	59	0	0	5	0	0	13	4	0	9	0	19	7	0	63	0	0	20	0	10	0	0	0	61	20	0	0	0	0	0	0	0	6	0	0	0	0	0	0	0	0	0	0	0	0	0	0	0	0	0	0	0	0	0	0	0	0	0	0	0	0	0	0	0	0	0	0	0	0	0	0	0	0	0	0	0	0	0	0	0	0	0	0	0	0
Day9.Hr4.V8	17293	10730	18962	6953	1054	12038	1839	949	12	1691	143	1087	119	3488	1084	1586	1059	731	1129	524	714	361	614	192	673	28	243	181	0	789	108	771	602	312	0	301	122	121	0	277	0	24	0	50	364	126	0	196	56	4	0	0	0	124	0	0	0	0	0	99	16	193	0	33	141	0	0	19	0	61	57	122	8	0	0	22	0	64	0	78	0	0	0	21	16	49	0	29	0	52	0	0	0	0	0	0	31	0	0	0	13	0	0	0	0	0	15	0	0	12	11	7	59	0	10	0	0	0	0	0	0	0	0	0	0	0	0	0	0	0	0	0	0	0	0	0	0	0	0	0	0	0	0	0	0	0	0	0	0	0	0	0	0	0	0	0	0	0	0	0	0	0	0	0	0	0
Inoculum	250	2584	32	181	28	5712	0	17	16762	460	0	0	0	167	0	0	152	19	56	0	0	0	70	0	0	3218	0	10	0	0	3821	29	0	14	0	0	0	0	0	9	0	6	0	0	0	0	0	0	0	9	0	0	0	0	0	0	0	0	0	14	0	0	0	0	0	0	0	0	0	0	9	0	0	0	0	0	0	0	0	0	0	0	0	0	0	0	6	0	0	0	0	0	0	18	0	0	0	0	0	0	0	0	0	51	0	0	0	0	0	0	0	0	0	0	0	0	0	0	0	0	0	37	0	0	0	0	0	0	0	0	0	0	5	0	0	0	0	0	0	0	0	0	0	0	0	0	0	0	0	0	0	14	0	0	0	0	0	0	0	0	0	0	0	0	0	0
